map_id,disease_id,point_code,priority
1,233,KI13,support
2,374,ST18,support
3,219,BL36,support
4,192,SP3,support
5,35,ST16,main
6,48,PC3,main
7,382,BL66,main
8,285,LI20,support
9,344,ST32,support
10,182,CV4,support
11,445,LI16,support
12,308,BL35,support
13,54,LR1,main
14,80,GV28,support
15,115,ST25,support
16,433,GB34,support
17,59,BL18,main
18,414,PC1,main
19,312,GV28,support
20,15,SP17,support
21,360,BL34,support
22,180,LU4,main
23,446,ST43,support
24,36,ST42,main
25,47,GB21,main
26,193,KI23,support
27,175,SP5,support
28,160,BL42,main
29,453,LI16,main
30,81,GV8,main
31,346,ST11,support
32,227,CV2,support
33,249,GV2,support
34,213,BL15,main
35,387,GB12,main
36,177,PC2,main
37,146,CV11,support
38,270,CV5,support
39,24,SI7,support
40,307,LI18,main
41,105,BL30,main
42,393,ST40,support
43,149,BL43,main
44,4,GB4,support
45,90,ST36,support
46,273,CV24,main
47,257,GB36,support
48,37,KI12,main
49,224,LU10,support
50,472,ST9,support
51,295,PC1,support
52,364,GV19,support
53,149,ST28,support
54,11,BL42,main
55,411,GV8,support
56,426,CV17,support
57,46,PC5,main
58,125,PC5,support
59,269,ST10,support
60,446,BL34,support
61,114,BL46,main
62,40,GB11,main
63,272,GB11,main
64,464,BL54,support
65,373,GV22,main
66,121,ST22,main
67,132,HT5,main
68,309,SP3,main
69,91,GV13,support
70,238,GB38,support
71,349,GB39,support
72,443,GV13,support
73,78,PC7,main
74,241,PC8,support
75,408,BL16,main
76,181,GB9,main
77,159,TE9,support
78,20,LI19,support
79,426,BL22,main
80,331,ST16,support
81,237,LR3,main
82,231,GB42,main
83,165,GV1,support
84,257,SP2,main
85,231,ST22,support
86,366,ST13,main
87,21,BL2,support
88,225,GB18,main
89,187,BL66,support
90,199,KI18,support
91,348,LR12,main
92,405,GV15,support
93,34,BL44,main
94,286,CV11,support
95,146,BL5,main
96,171,ST11,main
97,470,BL55,support
98,496,GV27,support
99,67,LR10,main
100,159,GB36,support
101,330,BL44,main
102,344,CV23,main
103,331,CV7,support
104,261,BL61,main
105,186,BL34,main
106,487,SI4,support
107,486,TE21,main
108,116,ST40,main
109,40,BL27,main
110,260,GB26,main
111,339,BL48,main
112,306,KI1,main
113,84,SP17,main
114,370,PC6,main
115,211,BL62,main
116,497,PC9,support
117,386,TE2,main
118,274,SI17,support
119,495,TE13,main
120,189,CV11,support
121,237,BL20,support
122,258,GB20,support
123,495,SP7,main
124,411,GV1,main
125,447,BL4,main
126,329,TE19,support
127,284,ST22,main
128,146,ST12,main
129,140,TE3,main
130,426,PC5,main
131,485,SI8,support
132,453,BL54,main
133,213,LI17,support
134,258,BL67,main
135,198,ST11,support
136,115,LI4,support
137,477,ST20,support
138,406,ST44,main
139,20,BL22,support
140,357,ST41,support
141,230,GV7,main
142,464,ST10,main
143,132,SI5,main
144,281,GV3,support
145,57,BL23,main
146,155,ST32,main
147,123,KI23,support
148,33,ST26,support
149,306,GB24,main
150,324,GB13,main
151,368,ST43,support
152,220,LU1,support
153,124,GB42,support
154,96,CV4,main
155,269,BL60,main
156,489,GB19,main
157,200,TE13,main
158,326,KI7,support
159,130,LU9,support
160,404,ST4,support
161,124,GV28,main
162,396,LR3,support
163,69,LI12,support
164,280,BL49,main
165,426,CV14,support
166,357,TE18,main
167,416,ST39,main
168,367,TE7,main
169,151,HT7,main
170,406,HT6,main
171,162,BL34,support
172,418,GB28,support
173,130,LI8,main
174,147,BL58,main
175,444,GV27,support
176,140,ST33,support
177,224,KI13,support
178,459,KI6,support
179,499,SP20,support
180,355,GB4,support
181,474,GB15,support
182,411,ST12,support
183,41,PC2,main
184,280,BL26,support
185,53,ST10,support
186,339,BL27,support
187,229,LR14,support
188,86,CV17,support
189,180,TE1,main
190,373,BL56,support
191,141,GV19,main
192,39,CV7,support
193,187,GB12,main
194,488,LI5,main
195,435,GV3,support
196,18,ST34,main
197,121,GV22,support
198,186,KI5,main
199,310,SP3,support
200,486,BL65,support
201,228,ST9,main
202,272,BL63,support
203,161,GV24,support
204,128,ST28,main
205,377,SP20,support
206,266,KI7,main
207,135,BL9,support
208,110,GV5,support
209,356,GB1,main
210,63,ST39,main
211,232,SP13,support
212,45,CV13,support
213,342,BL53,main
214,282,GB27,support
215,457,BL29,main
216,365,CV22,main
217,407,BL61,main
218,63,HT6,main
219,122,GB2,main
220,185,GB33,support
221,240,GB32,main
222,314,ST14,main
223,159,KI12,support
224,270,KI19,support
225,422,GB44,main
226,65,BL38,main
227,231,TE11,support
228,66,GB32,main
229,394,ST36,support
230,258,LI18,main
231,266,SP3,support
232,85,SP7,support
233,479,SI10,support
234,486,GB15,support
235,434,ST10,support
236,101,GV17,support
237,65,GV12,support
238,315,GB23,main
239,258,GV20,main
240,304,LR3,main
241,88,CV1,support
242,432,GB38,main
243,423,LI4,main
244,24,GV20,support
245,334,SI2,support
246,317,GV19,main
247,255,GV13,support
248,329,BL30,support
249,126,CV14,support
250,153,TE5,main
251,353,LI20,main
252,226,KI21,support
253,238,HT8,support
254,311,ST43,support
255,442,BL39,support
256,500,KI13,main
257,390,BL65,main
258,164,SI18,support
259,63,BL12,support
260,127,ST42,main
261,26,BL24,support
262,443,GV7,support
263,128,SP6,support
264,479,LR1,support
265,98,SP6,support
266,264,TE12,support
267,451,BL33,support
268,12,ST16,support
269,259,TE7,main
270,111,LR4,support
271,25,LI15,support
272,254,LR11,support
273,147,GB24,main
274,434,ST25,support
275,69,BL11,support
276,392,KI15,support
277,24,KI14,main
278,292,GB37,main
279,186,GB33,support
280,38,KI6,support
281,392,GB31,support
282,423,GV11,main
283,66,ST19,support
284,192,BL49,support
285,387,ST43,main
286,309,GB10,support
287,257,LI10,main
288,20,ST40,support
289,412,TE15,support
290,77,GV2,main
291,168,GV5,support
292,84,KI10,support
293,304,BL48,support
294,363,GB38,support
295,244,LU9,support
296,170,CV8,main
297,214,LR4,support
298,408,CV16,main
299,306,TE15,support
300,496,GV27,main
301,370,LI16,support
302,88,GB18,support
303,76,CV12,main
304,17,GB43,main
305,98,LU10,support
306,161,KI23,main
307,212,CV17,main
308,211,GB6,support
309,447,ST1,main
310,266,SI1,support
311,340,TE17,support
312,161,SP13,support
313,468,GB22,support
314,280,BL57,support
315,313,TE20,main
316,491,BL2,support
317,286,BL28,main
318,483,BL28,support
319,361,SI1,support
320,163,TE18,support
321,287,BL16,support
322,63,GB43,support
323,459,KI11,support
324,489,ST44,support
325,22,BL23,main
326,178,PC8,support
327,383,TE18,main
328,104,GB25,support
329,478,GB37,support
330,71,ST25,main
331,125,LI15,main
332,327,SI14,main
333,52,KI20,support
334,368,TE14,main
335,349,ST40,main
336,494,GB31,main
337,209,GV26,support
338,245,GV25,main
339,388,BL23,support
340,147,GV22,main
341,465,ST15,main
342,274,LI9,main
343,214,SP15,main
344,429,KI12,support
345,96,BL24,main
346,5,BL28,main
347,476,BL47,support
348,233,GV20,support
349,456,ST38,support
350,140,HT2,main
351,170,SP8,support
352,332,BL7,main
353,8,BL48,support
354,291,CV9,main
355,90,GV4,support
356,424,KI27,support
357,45,KI14,main
358,95,ST41,support
359,166,BL3,main
360,134,KI5,main
361,229,BL12,support
362,155,LR4,main
363,134,GV26,support
364,355,SI15,main
365,342,ST30,support
366,158,SP6,support
367,352,GB7,support
368,354,ST30,support
369,189,GV6,main
370,113,ST38,support
371,79,TE5,support
372,213,CV23,support
373,388,GB25,main
374,391,BL2,main
375,270,TE1,support
376,40,GB38,main
377,32,GB30,main
378,294,GB24,main
379,85,BL43,support
380,60,CV12,main
381,368,LR4,support
382,47,GB11,support
383,415,LI18,support
384,68,GB12,support
385,234,GB38,main
386,287,TE9,support
387,371,LI1,support
388,131,LU2,main
389,297,ST7,main
390,217,BL52,main
391,278,LI20,main
392,479,TE14,main
393,147,KI18,main
394,394,ST39,support
395,192,KI4,support
396,446,KI2,support
397,42,CV13,main
398,335,BL54,main
399,92,GB25,support
400,271,ST35,main
401,428,LU2,main
402,153,TE10,support
403,273,KI3,main
404,127,TE8,support
405,80,BL17,main
406,480,ST27,main
407,415,CV2,support
408,315,LU9,main
409,106,ST4,main
410,305,LI7,support
411,307,CV8,main
412,126,LI12,support
413,225,SI14,main
414,387,LI18,main
415,258,BL24,main
416,418,GB44,support
417,296,LR12,support
418,122,BL30,main
419,339,GB16,main
420,212,BL29,support
421,32,GB35,main
422,321,CV11,support
423,285,GB3,main
424,498,BL52,support
425,403,GB18,support
426,357,KI22,support
427,77,BL29,support
428,95,GB25,support
429,124,SI10,support
430,440,ST43,support
431,469,LI19,support
432,496,KI22,main
433,199,SI19,support
434,105,BL45,main
435,473,TE3,support
436,48,GB24,main
437,27,BL13,support
438,345,GV1,main
439,448,ST7,main
440,412,LR6,main
441,246,SI1,support
442,156,LU8,main
443,480,HT1,main
444,383,TE18,main
445,357,GV1,main
446,204,SI17,support
447,398,BL20,support
448,239,GB23,support
449,158,BL9,support
450,263,GB4,support
451,51,TE13,support
452,469,HT8,support
453,161,KI20,main
454,289,SI8,main
455,9,BL9,support
456,152,SP3,main
457,169,SI12,support
458,292,BL1,support
459,282,GV27,support
460,132,TE23,support
461,236,SP11,support
462,87,ST41,support
463,95,GB27,main
464,269,LI7,main
465,484,CV6,main
466,392,LU4,support
467,71,GV14,main
468,35,SP2,main
469,112,GB8,support
470,192,LI20,support
471,338,TE22,main
472,4,GB22,support
473,7,LU9,support
474,275,BL22,main
475,258,CV21,support
476,413,SP16,main
477,471,ST19,main
478,124,HT2,support
479,418,BL57,support
480,408,KI12,main
481,192,KI16,support
482,290,SI19,main
483,154,CV14,main
484,335,GV24,main
485,48,KI16,support
486,194,GB32,support
487,29,GV18,main
488,360,SP12,main
489,256,PC4,support
490,290,ST18,main
491,118,SI3,support
492,139,LI13,main
493,351,BL19,main
494,92,BL37,main
495,493,SI1,main
496,386,KI12,main
497,154,SP8,main
498,291,KI8,support
499,197,ST41,main
500,257,BL53,main
501,51,PC5,main
502,430,ST8,support
503,310,GV6,support
504,497,BL43,main
505,325,BL15,support
506,252,SI11,support
507,284,KI1,support
508,96,CV12,support
509,44,GV8,support
510,409,BL2,main
511,43,BL13,main
512,195,GV16,main
513,379,KI8,support
514,185,ST24,main
515,3,BL33,support
516,185,BL14,main
517,68,ST14,main
518,221,TE2,support
519,53,LI3,main
520,182,GB33,main
521,306,LR12,support
522,443,KI6,main
523,150,KI20,support
524,399,ST13,main
525,293,GB16,main
526,351,KI3,main
527,72,BL13,support
528,138,GB2,main
529,33,SP10,support
530,142,KI24,support
531,248,ST9,support
532,129,BL2,support
533,305,GV7,main
534,235,ST24,main
535,156,LU4,support
536,171,GV9,support
537,412,BL44,support
538,172,PC2,main
539,154,BL40,main
540,246,BL36,main
541,494,KI12,support
542,150,CV19,support
543,496,GB44,main
544,167,KI1,support
545,419,KI10,support
546,59,GB38,main
547,304,GB29,main
548,350,GB31,main
549,488,TE9,main
550,225,BL25,main
551,420,KI18,support
552,72,GV16,support
553,124,BL5,main
554,367,KI25,support
555,38,TE2,support
556,299,KI14,support
557,279,LI8,support
558,360,GB24,main
559,56,BL3,support
560,86,GV23,main
561,289,GV22,support
562,496,BL45,support
563,55,LU6,main
564,133,SI8,main
565,229,BL67,support
566,238,CV11,main
567,177,LI2,support
568,54,BL27,support
569,472,ST13,main
570,426,ST42,support
571,160,BL51,support
572,402,HT9,support
573,179,TE16,main
574,225,CV20,support
575,164,ST4,support
576,23,ST28,main
577,435,BL51,main
578,347,SP9,main
579,265,SP14,main
580,170,GB36,support
581,491,TE9,main
582,409,KI16,main
583,96,GV19,support
584,203,LI4,main
585,231,LR9,support
586,200,LU3,main
587,106,BL18,main
588,296,ST22,main
589,188,BL42,main
590,235,ST28,support
591,344,TE23,support
592,306,KI7,support
593,301,ST28,support
594,181,TE7,main
595,417,CV8,support
596,471,GV6,main
597,345,ST38,support
598,61,SI17,support
599,60,SP18,support
600,356,ST42,support
601,215,LR11,main
602,295,KI5,support
603,96,TE22,main
604,285,SP10,support
605,148,ST41,main
606,162,TE3,main
607,444,BL59,main
608,249,ST39,main
609,418,KI5,support
610,210,CV14,support
611,213,PC9,support
612,86,ST12,main
613,408,SI7,support
614,17,BL16,main
615,276,BL23,main
616,400,TE7,support
617,282,GB11,main
618,294,ST28,support
619,397,GB28,support
620,278,LI11,support
621,280,SI6,support
622,53,GV26,main
623,153,LI6,support
624,135,BL54,main
625,225,ST30,main
626,108,LR7,support
627,441,GV4,support
628,85,GV7,main
629,402,HT9,main
630,413,LI20,support
631,273,BL19,main
632,166,CV24,support
633,149,GB43,support
634,488,GB13,main
635,70,KI19,main
636,142,GV27,main
637,360,ST37,main
638,75,BL40,main
639,390,CV10,support
640,251,ST42,support
641,322,KI21,support
642,232,ST8,main
643,207,GB13,support
644,356,BL64,support
645,487,TE22,support
646,298,LU2,main
647,375,TE7,support
648,436,ST2,support
649,112,PC1,main
650,254,BL13,support
651,425,BL21,support
652,281,LR1,main
653,290,TE21,support
654,458,CV13,main
655,24,ST20,support
656,9,ST33,main
657,226,TE6,main
658,491,PC1,main
659,353,ST37,support
660,82,BL16,main
661,336,BL60,support
662,43,BL66,main
663,27,KI11,support
664,372,CV22,main
665,220,GV27,main
666,361,ST18,main
667,110,TE17,main
668,68,LR9,main
669,266,CV12,support
670,5,LU5,support
671,419,ST31,support
672,356,ST37,support
673,37,SI12,support
674,46,ST22,main
675,161,BL64,support
676,71,KI4,main
677,329,CV10,main
678,36,GB21,main
679,313,GV24,main
680,226,BL55,main
681,322,SP2,support
682,316,CV15,support
683,441,SI6,main
684,460,ST21,main
685,386,ST33,support
686,180,PC1,support
687,406,ST41,main
688,142,GV22,main
689,128,GB33,support
690,399,CV17,main
691,435,CV1,support
692,106,GB15,main
693,383,KI9,support
694,331,LI17,main
695,254,KI6,main
696,124,GB5,main
697,271,LU7,support
698,479,BL38,main
699,199,GB41,support
700,188,GB29,main
701,391,TE14,main
702,9,LR6,main
703,8,BL10,main
704,21,LI20,support
705,260,BL22,support
706,217,CV23,support
707,43,GV19,main
708,143,ST12,support
709,41,GB11,main
710,499,SP4,support
711,201,LR6,main
712,159,CV21,support
713,374,SI17,main
714,126,ST14,support
715,60,TE5,main
716,159,CV5,main
717,62,LU7,main
718,360,LU6,main
719,255,BL53,support
720,86,BL66,main
721,384,BL13,main
722,395,LI5,support
723,414,PC1,support
724,269,ST2,support
725,365,LR1,main
726,255,TE6,support
727,29,GB5,main
728,189,SP5,support
729,396,ST22,main
730,117,GB10,main
731,23,LU7,main
732,24,TE14,support
733,197,SP1,main
734,477,LI8,support
735,115,BL40,main
736,214,BL39,support
737,423,ST9,support
738,62,GB7,main
739,92,SI9,main
740,489,KI14,main
741,450,TE11,support
742,397,BL35,support
743,45,GB33,support
744,5,BL64,main
745,150,GB38,support
746,379,GV10,main
747,238,BL64,support
748,396,HT4,main
749,78,LU4,support
750,13,SI14,support
751,326,CV19,main
752,487,BL47,main
753,389,GV28,support
754,435,BL33,main
755,106,GB21,main
756,215,GB1,main
757,498,ST42,support
758,48,LI12,main
759,460,GB16,support
760,359,BL66,support
761,499,ST13,main
762,259,ST38,support
763,39,LR9,main
764,223,CV3,main
765,122,BL25,support
766,436,BL37,support
767,359,BL43,support
768,232,BL15,main
769,39,HT7,main
770,400,LR5,main
771,80,ST24,main
772,231,TE11,support
773,209,ST31,support
774,494,SI1,support
775,158,TE10,support
776,437,ST31,main
777,81,CV15,support
778,424,CV24,main
779,111,BL43,main
780,47,BL3,support
781,203,GB12,main
782,347,BL29,support
783,420,SP14,main
784,488,KI16,support
785,285,GB31,main
786,49,TE9,main
787,412,ST41,main
788,7,ST1,main
789,67,HT5,support
790,191,CV15,main
791,299,LR6,support
792,470,ST8,main
793,34,HT5,support
794,415,ST35,main
795,464,BL45,main
796,22,TE9,main
797,87,GB43,support
798,421,KI11,support
799,16,KI4,support
800,89,BL57,main
801,466,SP20,support
802,144,TE1,main
803,18,GV6,main
804,332,BL27,support
805,211,GB31,support
806,32,ST14,support
807,197,ST40,support
808,103,GV21,main
809,323,GB28,main
810,196,BL59,support
811,279,TE21,support
812,468,GB39,support
813,199,BL14,main
814,14,BL39,main
815,16,BL19,main
816,415,TE14,support
817,393,LR5,main
818,499,SP6,main
819,127,GV28,main
820,137,GB23,main
821,392,SI7,support
822,182,SP13,main
823,122,LR9,support
824,413,CV21,support
825,468,LR8,main
826,361,CV22,support
827,486,GB40,main
828,289,SP21,support
829,278,BL34,main
830,252,LI9,main
831,29,SI14,main
832,11,GB19,support
833,1,BL45,main
834,413,ST36,support
835,368,SP15,support
836,31,LI1,main
837,301,CV24,main
838,397,ST26,support
839,492,ST7,support
840,361,CV3,support
841,301,ST21,support
842,155,BL41,main
843,500,SP5,support
844,406,GV19,support
845,333,BL38,main
846,363,GB37,support
847,115,CV4,main
848,194,BL33,support
849,66,SP15,main
850,486,CV23,support
851,436,GB40,main
852,94,LR14,support
853,472,GV5,main
854,328,GB39,main
855,480,GB4,main
856,170,ST9,main
857,178,BL39,main
858,326,ST15,support
859,229,LU6,support
860,108,BL3,main
861,180,BL7,main
862,369,LU1,main
863,198,PC6,support
864,497,SP10,support
865,253,KI2,support
866,280,KI1,main
867,425,TE18,main
868,84,TE4,main
869,410,LI7,support
870,11,BL39,support
871,488,ST23,main
872,176,SP12,support
873,83,ST8,main
874,174,LR10,support
875,361,LI5,support
876,483,GV26,main
877,311,PC4,main
878,28,ST21,support
879,106,HT1,support
880,357,GB33,support
881,339,BL20,support
882,122,ST19,main
883,202,GB42,support
884,79,LI17,support
885,2,KI27,main
886,151,CV2,support
887,103,ST19,main
888,106,SP12,support
889,42,TE15,main
890,158,KI12,support
891,251,CV2,support
892,47,GV20,support
893,95,BL65,support
894,190,SP20,support
895,23,BL10,support
896,239,BL10,main
897,429,BL13,main
898,78,CV20,main
899,44,CV6,support
900,414,GB27,support
901,498,LR7,main
902,284,ST1,support
903,420,GB17,support
904,495,GB24,support
905,294,SI15,support
906,154,ST10,support
907,463,LI7,main
908,62,TE2,main
909,486,SP10,main
910,414,HT2,main
911,22,KI25,main
912,350,PC4,main
913,422,GV13,main
914,428,LR10,support
915,164,ST4,main
916,199,GB34,support
917,283,BL42,support
918,267,TE7,main
919,403,CV22,support
920,58,KI21,main
921,76,GB40,main
922,474,ST24,main
923,403,BL22,support
924,450,KI19,support
925,197,GV27,support
926,293,GV3,support
927,20,SP13,support
928,207,ST43,support
929,20,KI11,support
930,354,SI16,main
931,382,TE16,support
932,460,BL66,main
933,173,BL31,support
934,144,GB1,main
935,498,SI11,main
936,154,PC8,support
937,138,KI22,main
938,97,PC8,main
939,468,KI17,support
940,389,GB14,support
941,421,LI18,main
942,34,BL35,support
943,70,GB18,main
944,89,HT2,main
945,429,LI19,main
946,17,TE6,main
947,471,BL60,main
948,141,BL64,support
949,259,KI12,main
950,349,LI5,main
951,191,TE23,support
952,91,TE15,support
953,177,SP8,support
954,384,CV16,main
955,146,LI4,support
956,26,SP8,main
957,439,SI8,main
958,347,HT9,support
959,334,KI18,main
960,443,CV13,main
961,243,ST37,main
962,308,LU5,main
963,130,GV3,support
964,365,GV21,support
965,217,KI1,support
966,236,BL5,main
967,239,BL30,support
968,300,ST22,main
969,262,CV3,support
970,288,GV23,support
971,153,CV14,main
972,247,ST2,support
973,142,GV19,support
974,442,BL17,support
975,336,GV25,support
976,97,SP1,main
977,461,LI19,support
978,339,BL39,main
979,370,LI3,support
980,152,BL8,support
981,208,KI7,main
982,299,GB42,main
983,176,SI8,support
984,465,CV7,support
985,260,BL29,main
986,431,GV28,main
987,151,ST19,support
988,66,BL8,main
989,485,CV12,support
990,336,ST15,main
991,182,SI9,support
992,216,BL45,support
993,134,LR5,support
994,238,ST30,support
995,28,GV16,main
996,242,HT3,main
997,445,CV12,support
998,272,BL28,support
999,28,SP2,main
1000,103,BL51,support
1001,292,TE7,main
1002,162,SP17,main
1003,250,BL46,main
1004,161,GV16,main
1005,3,TE4,support
1006,108,SP11,main
1007,251,ST15,main
1008,315,PC4,support
1009,207,PC1,support
1010,197,LU3,main
1011,274,HT6,support
1012,487,LU8,support
1013,388,GB21,main
1014,10,CV10,main
1015,321,BL3,main
1016,356,BL52,support
1017,67,ST22,support
1018,258,LR7,support
1019,86,ST3,main
1020,153,BL24,support
1021,373,GB16,support
1022,223,CV15,main
1023,176,TE23,support
1024,385,SP21,main
1025,486,KI15,main
1026,117,SI9,main
1027,109,LI1,main
1028,64,BL63,main
1029,193,GV19,support
1030,395,GB23,main
1031,305,LI14,main
1032,335,LU11,main
1033,354,ST29,support
1034,228,KI3,main
1035,281,BL5,support
1036,360,SP3,main
1037,356,CV15,main
1038,155,KI24,main
1039,340,GB16,support
1040,319,GV2,main
1041,215,ST23,main
1042,145,ST28,main
1043,255,HT5,main
1044,399,BL10,main
1045,184,CV24,support
1046,152,SP7,main
1047,281,GB4,main
1048,353,TE19,support
1049,121,LU2,main
1050,344,ST15,main
1051,428,GB43,support
1052,77,ST16,main
1053,371,ST21,support
1054,330,SI13,support
1055,152,BL11,support
1056,26,ST21,main
1057,448,LI10,support
1058,185,CV10,support
1059,219,ST29,main
1060,436,LI13,main
1061,437,ST40,main
1062,169,BL59,support
1063,490,GV10,support
1064,450,ST17,support
1065,418,BL51,main
1066,59,KI14,support
1067,493,TE6,support
1068,428,KI6,support
1069,410,KI24,main
1070,58,ST37,main
1071,483,SP6,main
1072,214,LR8,support
1073,411,GB41,support
1074,93,GV4,support
1075,399,BL59,main
1076,442,CV14,main
1077,248,TE22,main
1078,455,KI19,support
1079,24,ST2,support
1080,336,BL36,main
1081,361,CV11,main
1082,490,CV6,support
1083,266,GB17,main
1084,222,CV2,main
1085,247,BL53,support
1086,77,GB35,main
1087,6,GV21,main
1088,259,TE13,support
1089,446,SP9,main
1090,385,GB1,support
1091,124,BL45,support
1092,26,GB9,main
1093,282,GV21,support
1094,207,SI15,main
1095,236,PC9,support
1096,46,GB5,support
1097,162,ST30,support
1098,382,GV26,main
1099,53,KI15,support
1100,19,GB35,main
1101,423,ST16,support
1102,456,GB10,main
1103,336,CV7,support
1104,487,BL50,support
1105,423,LI17,main
1106,433,TE5,support
1107,287,GV9,support
1108,367,GV28,support
1109,367,TE4,main
1110,50,CV1,main
1111,2,BL50,support
1112,425,GV16,support
1113,281,GB17,support
1114,360,ST24,main
1115,460,SP9,support
1116,72,KI18,main
1117,131,GV4,main
1118,97,ST31,support
1119,111,TE7,main
1120,367,BL49,main
1121,388,KI21,main
1122,475,GV16,main
1123,396,TE3,support
1124,338,LR7,main
1125,494,GB5,main
1126,272,LI14,support
1127,430,LR5,support
1128,474,GB10,main
1129,355,LR2,main
1130,375,ST35,main
1131,199,GV28,support
1132,259,KI5,support
1133,312,CV18,main
1134,141,KI12,support
1135,497,BL26,support
1136,413,ST38,main
1137,212,LR14,support
1138,432,CV23,support
1139,365,GB33,main
1140,103,SI2,support
1141,352,BL52,main
1142,364,GV24,main
1143,258,GB27,support
1144,364,ST29,support
1145,288,TE18,support
1146,346,GB23,support
1147,450,KI25,main
1148,268,ST24,main
1149,196,ST44,main
1150,344,LI18,main
1151,137,SP7,support
1152,350,BL4,main
1153,430,ST1,support
1154,105,GB27,main
1155,184,TE4,main
1156,316,CV9,main
1157,381,GV23,support
1158,122,GB11,support
1159,355,CV4,main
1160,475,KI4,support
1161,214,CV14,support
1162,495,GB32,main
1163,7,BL4,main
1164,318,PC8,main
1165,467,GV16,support
1166,387,LR7,main
1167,398,HT3,support
1168,230,SP15,main
1169,96,SP13,main
1170,194,LI10,support
1171,143,GB34,support
1172,67,SP7,support
1173,3,BL45,support
1174,364,SP4,main
1175,79,BL41,main
1176,397,GV12,support
1177,252,GB43,support
1178,38,BL38,main
1179,490,SP19,main
1180,403,GB8,main
1181,213,GB28,support
1182,48,BL54,main
1183,453,SI4,support
1184,170,BL60,support
1185,112,GV8,support
1186,288,GV24,main
1187,59,CV6,support
1188,229,SI18,main
1189,491,LI10,support
1190,196,ST28,support
1191,132,GB26,support
1192,13,GB14,support
1193,264,GB10,support
1194,250,LI12,support
1195,460,GV25,main
1196,165,GB13,main
1197,486,ST19,main
1198,498,GB25,main
1199,321,ST3,main
1200,344,GV14,main
1201,443,CV14,support
1202,428,ST23,main
1203,276,CV23,support
1204,332,ST6,main
1205,13,TE8,support
1206,20,ST14,main
1207,28,SP16,support
1208,286,ST6,main
1209,467,BL8,support
1210,199,TE3,support
1211,222,BL37,main
1212,200,CV8,main
1213,274,LU4,main
1214,388,LR5,main
1215,359,ST7,support
1216,476,GB7,main
1217,149,CV15,support
1218,311,ST14,support
1219,392,PC6,support
1220,203,CV2,main
1221,243,SP5,main
1222,70,KI9,support
1223,492,GV16,main
1224,153,CV10,support
1225,491,LU6,main
1226,64,LI11,main
1227,294,LR11,support
1228,276,GB30,main
1229,157,SI2,support
1230,109,KI20,main
1231,83,SP19,main
1232,316,BL5,main
1233,59,SP17,main
1234,436,GB31,support
1235,331,GB31,main
1236,149,CV7,main
1237,129,ST20,main
1238,372,LR3,support
1239,488,BL45,support
1240,66,CV7,main
1241,52,BL21,main
1242,461,HT3,support
1243,249,TE3,support
1244,316,CV1,support
1245,356,LR5,main
1246,290,GB40,support
1247,414,BL37,support
1248,87,LU3,support
1249,127,SI8,support
1250,142,BL60,main
1251,348,BL45,support
1252,237,TE1,support
1253,397,BL32,support
1254,283,ST25,main
1255,331,GV2,main
1256,431,BL19,main
1257,457,GB25,main
1258,135,GV12,main
1259,373,ST8,main
1260,435,GB9,main
1261,417,LR3,support
1262,394,LR8,main
1263,465,LI8,support
1264,279,GB26,support
1265,335,SP1,support
1266,201,SI9,support
1267,69,TE10,main
1268,204,BL62,main
1269,340,SI17,main
1270,388,GB13,main
1271,229,SP6,main
1272,290,GB39,main
1273,377,TE20,support
1274,21,SI7,support
1275,119,ST2,support
1276,190,SI14,main
1277,343,HT9,support
1278,199,TE13,support
1279,452,LI13,main
1280,333,BL41,main
1281,361,GB16,support
1282,428,BL10,main
1283,193,GV26,support
1284,188,LR6,main
1285,265,BL4,support
1286,499,SI9,support
1287,181,BL52,support
1288,406,TE19,main
1289,257,ST41,support
1290,85,SI12,main
1291,264,GV21,support
1292,109,SP1,main
1293,81,BL61,main
1294,339,SI12,support
1295,416,BL45,main
1296,247,CV9,support
1297,246,SI2,main
1298,332,KI19,main
1299,125,LI12,main
1300,294,LR9,main
1301,69,GV14,main
1302,457,GB43,main
1303,29,SP10,support
1304,473,SP17,support
1305,307,GB38,main
1306,450,CV2,support
1307,485,ST13,main
1308,230,GV2,support
1309,445,TE19,main
1310,113,KI19,main
1311,407,LR4,main
1312,320,CV1,support
1313,86,CV15,support
1314,473,TE5,main
1315,118,KI2,support
1316,68,ST25,main
1317,104,GB17,support
1318,424,SP1,main
1319,91,TE16,main
1320,450,GB22,main
1321,48,TE19,main
1322,462,LR14,main
1323,460,CV11,support
1324,268,KI24,support
1325,448,LI12,support
1326,118,TE19,support
1327,180,LR7,main
1328,218,ST38,support
1329,245,SI14,main
1330,146,LR12,support
1331,132,SP21,main
1332,364,LU4,main
1333,267,LU4,support
1334,336,HT9,support
1335,210,BL61,main
1336,80,KI27,support
1337,134,GB24,support
1338,290,BL63,support
1339,349,KI12,main
1340,212,GB32,support
1341,92,BL65,support
1342,130,BL33,support
1343,397,KI12,main
1344,438,CV1,main
1345,383,SI12,support
1346,401,CV22,main
1347,52,SI4,support
1348,403,BL49,main
1349,83,KI8,main
1350,412,ST16,main
1351,242,LR13,support
1352,46,ST2,support
1353,114,BL65,main
1354,312,LI9,support
1355,477,KI14,support
1356,365,LR11,main
1357,485,SP14,support
1358,225,LU6,main
1359,436,GV28,support
1360,100,LI7,main
1361,315,SP11,main
1362,185,SI17,main
1363,500,SP5,main
1364,142,KI13,support
1365,343,KI11,support
1366,301,HT6,main
1367,378,CV24,main
1368,471,ST16,support
1369,372,GB36,support
1370,178,BL17,main
1371,311,HT3,support
1372,477,KI15,main
1373,134,SP14,support
1374,260,ST24,main
1375,258,BL26,support
1376,485,ST29,support
1377,449,GB25,support
1378,356,PC8,support
1379,289,TE20,main
1380,388,BL49,support
1381,349,TE8,main
1382,247,ST29,support
1383,35,KI4,main
1384,347,CV23,main
1385,410,BL37,support
1386,490,BL56,main
1387,359,BL10,main
1388,148,ST17,support
1389,345,BL51,main
1390,284,SP16,support
1391,161,BL57,main
1392,458,GB43,support
1393,94,CV13,main
1394,256,HT6,main
1395,377,SI18,support
1396,106,SI12,main
1397,428,BL3,support
1398,80,ST24,main
1399,472,ST10,support
1400,315,LU4,main
1401,435,TE19,support
1402,318,BL37,support
1403,460,GB44,support
1404,252,SP18,support
1405,204,SI8,main
1406,28,GB19,support
1407,245,GB26,main
1408,258,BL53,support
1409,441,CV15,main
1410,235,ST31,support
1411,162,CV16,main
1412,7,CV9,main
1413,195,LR3,main
1414,167,BL61,support
1415,96,GB30,support
1416,122,BL13,support
1417,491,GV5,support
1418,188,SP19,support
1419,218,SI2,support
1420,359,BL66,support
1421,438,KI14,support
1422,231,SP17,main
1423,295,CV15,main
1424,417,ST21,support
1425,412,SI15,support
1426,439,KI4,main
1427,75,SP1,support
1428,413,LU5,main
1429,216,GB5,main
1430,458,GV14,support
1431,403,TE22,support
1432,129,GB37,main
1433,204,ST20,main
1434,31,SI5,support
1435,244,GV14,main
1436,231,BL47,support
1437,185,BL60,support
1438,177,LU11,support
1439,63,BL55,main
1440,296,GB44,main
1441,400,BL21,support
1442,167,CV8,support
1443,397,TE1,main
1444,196,GV6,support
1445,238,GV15,main
1446,445,SP10,support
1447,216,GV15,support
1448,435,ST6,main
1449,83,BL51,main
1450,161,BL38,support
1451,364,BL12,support
1452,139,PC9,support
1453,383,LR6,support
1454,212,SP10,main
1455,438,LI1,main
1456,373,SI15,support
1457,482,CV22,main
1458,108,SP10,support
1459,53,ST18,main
1460,480,TE15,main
1461,14,KI12,main
1462,54,BL10,main
1463,44,GV27,support
1464,159,SI12,main
1465,378,BL21,support
1466,321,ST34,main
1467,270,SP12,main
1468,18,CV3,support
1469,441,BL42,support
1470,240,GB26,support
1471,281,PC9,main
1472,497,CV21,main
1473,303,LR11,support
1474,324,GV17,support
1475,269,GV19,support
1476,466,BL53,support
1477,277,SI11,main
1478,227,BL33,support
1479,212,BL9,main
1480,156,LU6,main
1481,268,ST39,support
1482,147,TE13,main
1483,353,GB1,support
1484,154,LU5,support
1485,409,BL25,main
1486,408,LU4,support
1487,97,KI19,support
1488,203,BL3,main
1489,367,GV22,support
1490,425,KI2,main
1491,135,ST10,support
1492,321,SI17,support
1493,146,GV24,support
1494,212,SP21,main
1495,94,ST39,support
1496,57,GV18,support
1497,317,TE4,support
1498,359,GV10,support
1499,97,BL40,main
1500,78,LI15,main
1501,96,ST22,support
1502,138,ST34,support
1503,373,LU5,main
1504,47,SP2,main
1505,253,SI6,support
1506,216,BL35,support
1507,191,TE10,main
1508,170,ST11,main
1509,29,BL12,support
1510,37,GB28,support
1511,93,HT2,support
1512,419,KI4,main
1513,63,BL3,support
1514,395,PC8,main
1515,378,LI7,main
1516,236,ST18,main
1517,243,KI8,support
1518,480,BL41,main
1519,323,LI11,main
1520,130,TE19,support
1521,102,BL60,main
1522,443,CV5,main
1523,499,ST27,main
1524,325,PC4,support
1525,8,SP10,support
1526,300,ST31,support
1527,405,SI19,main
1528,497,LI11,support
1529,353,LR11,main
1530,191,ST15,main
1531,81,GB5,main
1532,352,GV8,support
1533,477,GV12,main
1534,31,BL58,main
1535,360,GB24,main
1536,65,TE22,main
1537,163,GB35,support
1538,413,PC6,main
1539,11,CV16,support
1540,184,ST38,support
1541,461,LI10,support
1542,362,PC6,support
1543,278,CV20,support
1544,98,GB40,main
1545,279,BL54,support
1546,375,TE12,support
1547,445,LR12,main
1548,36,GB21,main
1549,231,BL27,support
1550,278,BL63,support
1551,1,GV18,support
1552,376,SP19,main
1553,318,BL62,main
1554,165,ST2,support
1555,98,GB18,support
1556,393,GB32,main
1557,314,BL20,support
1558,210,GV20,support
1559,57,ST19,main
1560,23,ST36,main
1561,448,LI6,main
1562,55,TE21,main
1563,51,LI6,support
1564,337,TE23,support
1565,26,BL63,main
1566,311,ST6,main
1567,477,SI1,support
1568,476,ST10,support
1569,411,GV19,main
1570,185,GB35,support
1571,421,BL64,main
1572,422,GV7,support
1573,271,LI10,main
1574,428,BL31,main
1575,484,SI5,main
1576,52,SI13,support
1577,98,HT2,main
1578,292,GV12,main
1579,286,GB35,support
1580,383,ST24,support
1581,346,TE7,support
1582,453,ST23,main
1583,406,SP17,support
1584,259,BL48,main
1585,274,LR13,support
1586,478,BL56,support
1587,282,BL42,support
1588,212,GV16,support
1589,423,BL41,main
1590,289,GB29,main
1591,193,GB31,support
1592,185,TE4,support
1593,492,KI12,main
1594,372,LI7,support
1595,306,LU9,main
1596,456,BL30,main
1597,154,SI8,main
1598,439,BL37,main
1599,396,CV17,support
1600,471,GB33,main
1601,49,LI9,support
1602,183,SP4,main
1603,136,BL63,main
1604,120,BL7,support
1605,48,GB42,support
1606,292,SI6,main
1607,371,BL42,support
1608,89,TE22,main
1609,305,GV20,support
1610,20,LR1,support
1611,41,LI18,support
1612,179,PC4,support
1613,477,ST31,main
1614,383,GV26,main
1615,325,GV15,support
1616,28,BL32,main
1617,164,GB26,main
1618,168,GB7,main
1619,79,LI15,support
1620,498,TE1,main
1621,114,PC3,support
1622,403,KI10,main
1623,68,BL48,main
1624,244,GB42,main
1625,281,KI13,support
1626,44,KI13,support
1627,397,CV21,main
1628,391,ST39,support
1629,287,HT5,support
1630,203,GV25,main
1631,288,GV7,main
1632,125,ST6,support
1633,398,PC2,support
1634,351,GB44,main
1635,58,CV7,support
1636,217,BL63,support
1637,98,BL40,support
1638,305,GV27,main
1639,395,BL32,main
1640,180,GV7,support
1641,320,ST44,support
1642,23,SI14,main
1643,351,BL67,main
1644,388,ST13,main
1645,379,LI17,main
1646,486,GV9,main
1647,445,BL23,main
1648,176,CV19,main
1649,157,TE3,support
1650,12,BL45,main
1651,379,GB25,main
1652,105,GB29,support
1653,281,TE20,main
1654,356,CV21,main
1655,193,LR4,main
1656,131,SP12,main
1657,146,HT6,support
1658,28,TE11,main
1659,35,KI7,support
1660,340,CV1,support
1661,443,ST25,main
1662,150,GV24,support
1663,119,KI3,main
1664,463,BL37,support
1665,444,LR11,main
1666,96,HT5,support
1667,288,LI1,main
1668,127,GB21,support
1669,171,TE23,support
1670,382,SP5,main
1671,178,CV14,support
1672,182,GV12,support
1673,121,GB6,support
1674,416,ST1,support
1675,450,KI7,main
1676,484,GB34,support
1677,116,SP2,support
1678,460,KI10,main
1679,45,KI4,main
1680,214,SI18,main
1681,219,BL35,support
1682,230,GB27,main
1683,106,GV26,main
1684,298,GB27,main
1685,442,ST40,support
1686,353,GB18,main
1687,221,ST44,main
1688,163,ST4,main
1689,95,BL38,main
1690,373,LI5,support
1691,451,KI20,support
1692,156,PC8,support
1693,78,SP21,main
1694,68,SP19,main
1695,391,GV5,support
1696,311,GB40,main
1697,306,SI13,main
1698,352,LI3,support
1699,41,CV16,support
1700,69,GB7,support
1701,365,GV24,support
1702,95,KI7,support
1703,243,ST40,main
1704,99,SI10,main
1705,210,LU8,support
1706,487,KI20,main
1707,381,CV7,main
1708,388,HT8,main
1709,91,PC6,support
1710,353,BL42,support
1711,455,BL2,support
1712,208,LI11,support
1713,369,BL36,support
1714,314,GB42,main
1715,267,ST25,support
1716,234,LI11,main
1717,266,GB25,support
1718,377,LI10,support
1719,265,GV14,main
1720,98,BL25,support
1721,204,BL31,support
1722,237,SP10,support
1723,151,GV5,main
1724,354,GB14,main
1725,238,GV22,support
1726,47,GB6,main
1727,93,LR5,main
1728,202,KI20,support
1729,231,LI2,main
1730,233,LR8,main
1731,452,TE5,main
1732,129,BL41,main
1733,368,ST33,main
1734,59,TE3,support
1735,44,GB18,support
1736,373,GB11,main
1737,194,GB31,support
1738,23,SP12,support
1739,290,CV1,main
1740,84,ST44,main
1741,394,LI16,support
1742,158,BL34,support
1743,148,GV12,main
1744,61,ST37,main
1745,2,GV10,support
1746,7,TE7,support
1747,438,GB5,main
1748,312,GB2,main
1749,112,LR7,support
1750,233,KI18,support
1751,41,LR13,main
1752,126,GB30,support
1753,318,GV13,main
1754,26,SP19,main
1755,29,GV26,support
1756,19,ST44,main
1757,342,LR1,support
1758,170,ST14,main
1759,56,KI22,main
1760,83,CV8,support
1761,313,CV2,main
1762,495,TE6,support
1763,477,LI8,main
1764,394,BL29,support
1765,189,KI3,main
1766,389,KI27,main
1767,150,TE14,main
1768,63,CV19,support
1769,169,GB19,support
1770,269,SI2,main
1771,314,LI19,main
1772,293,GV14,main
1773,248,CV16,support
1774,219,GV3,support
1775,133,GB19,support
1776,475,ST36,support
1777,267,GV15,support
1778,253,SP17,main
1779,363,BL24,main
1780,1,ST30,main
1781,239,GV12,main
1782,378,SI1,support
1783,212,LI13,support
1784,180,GB36,main
1785,6,GV19,main
1786,354,BL20,support
1787,405,ST4,support
1788,154,GB9,support
1789,393,LU4,main
1790,352,BL46,support
1791,203,GB41,main
1792,427,SP14,main
1793,170,BL49,support
1794,470,TE15,main
1795,331,ST39,support
1796,80,GV13,support
1797,457,GB24,support
1798,237,KI20,main
1799,428,GB16,support
1800,290,CV11,support
1801,285,GB24,main
1802,107,LR1,support
1803,410,BL57,main
1804,497,SP1,support
1805,431,LI5,support
1806,193,GV12,main
1807,293,GV2,support
1808,96,LR10,main
1809,443,BL33,support
1810,364,LI6,support
1811,212,ST14,support
1812,450,SI16,support
1813,232,BL30,main
1814,269,BL30,main
1815,58,BL67,main
1816,399,HT7,main
1817,228,GB9,main
1818,410,TE20,main
1819,98,BL50,support
1820,376,GB18,support
1821,398,BL43,main
1822,394,ST20,main
1823,106,LI8,support
1824,199,GB17,main
1825,3,BL35,main
1826,352,LR10,main
1827,171,TE12,main
1828,53,GB16,support
1829,12,LR1,support
1830,328,SI2,support
1831,103,HT2,support
1832,142,GB22,support
1833,396,PC7,main
1834,140,SP1,main
1835,141,ST28,main
1836,491,GV10,main
1837,106,GB27,support
1838,282,BL39,support
1839,73,CV24,support
1840,294,BL1,main
1841,37,BL35,support
1842,277,PC9,main
1843,67,LI4,support
1844,463,CV9,main
1845,55,KI5,main
1846,45,KI27,support
1847,92,CV24,support
1848,316,BL58,support
1849,171,HT5,main
1850,499,TE11,main
1851,48,CV21,support
1852,50,TE6,support
1853,351,GV21,support
1854,241,SI13,main
1855,74,GV7,support
1856,468,BL62,support
1857,94,CV22,support
1858,404,BL42,support
1859,250,LI5,main
1860,244,ST27,support
1861,246,TE9,main
1862,145,BL54,main
1863,261,ST22,support
1864,419,ST24,support
1865,285,GV24,main
1866,406,BL30,support
1867,206,LR8,support
1868,123,GV9,main
1869,281,SP6,support
1870,197,ST3,support
1871,107,CV19,support
1872,402,PC4,support
1873,279,CV19,main
1874,89,CV3,main
1875,379,GB43,support
1876,59,LR9,support
1877,167,GB34,main
1878,421,PC9,main
1879,158,KI16,main
1880,307,ST25,support
1881,168,GB3,main
1882,47,SI6,main
1883,455,LR3,main
1884,388,ST45,main
1885,232,GB22,support
1886,200,GV7,support
1887,101,HT9,support
1888,154,GB41,support
1889,471,PC4,support
1890,46,LR4,main
1891,314,GB11,support
1892,434,ST35,support
1893,32,BL65,main
1894,1,CV24,support
1895,57,BL20,main
1896,121,PC3,support
1897,321,BL38,support
1898,208,KI4,support
1899,280,SI3,main
1900,244,ST41,main
1901,285,KI5,support
1902,431,KI22,main
1903,148,CV7,main
1904,69,LU6,main
1905,332,LU9,main
1906,370,TE22,support
1907,500,ST39,main
1908,71,GV20,support
1909,441,TE6,support
1910,320,SP17,support
1911,261,KI26,support
1912,197,BL57,main
1913,96,KI26,main
1914,296,GB5,main
1915,365,GB6,support
1916,211,GB29,support
1917,18,LI9,support
1918,361,BL64,main
1919,298,TE19,main
1920,73,GB19,support
1921,239,GB14,main
1922,268,GV4,main
1923,126,TE14,main
1924,351,GV16,support
1925,314,LI17,support
1926,274,LU6,support
1927,233,GB12,support
1928,294,BL45,support
1929,181,BL26,support
1930,86,LI8,support
1931,373,GB38,support
1932,32,GV14,support
1933,297,SP11,main
1934,337,BL25,main
1935,147,TE21,main
1936,65,GB8,main
1937,436,BL18,support
1938,68,GV7,support
1939,141,BL7,main
1940,380,ST27,main
1941,466,LR8,main
1942,338,TE1,support
1943,414,SP14,support
1944,401,CV22,main
1945,249,SP17,main
1946,176,ST13,main
1947,305,SP3,support
1948,386,KI20,support
1949,122,CV2,support
1950,372,GV18,main
1951,108,LR1,support
1952,28,GV20,support
1953,387,ST29,main
1954,86,TE10,support
1955,244,BL30,support
1956,383,GB22,main
1957,195,CV13,support
1958,243,BL10,main
1959,272,PC4,main
1960,148,TE2,support
1961,348,BL37,main
1962,50,GB22,support
1963,490,PC3,support
1964,172,BL14,support
1965,411,ST20,support
1966,336,LR5,support
1967,237,CV9,main
1968,376,CV8,main
1969,267,BL48,main
1970,161,GB30,main
1971,345,LU5,main
1972,7,KI19,main
1973,269,ST23,support
1974,180,SI7,support
1975,129,HT2,main
1976,13,GV9,main
1977,30,LR10,main
1978,487,LR12,main
1979,363,ST31,main
1980,439,GV1,main
1981,193,GV28,main
1982,459,ST26,main
1983,130,BL26,support
1984,339,ST8,support
1985,473,BL17,support
1986,355,CV5,support
1987,132,SP7,main
1988,142,ST1,support
1989,199,BL46,main
1990,133,BL11,main
1991,226,ST5,support
1992,476,HT6,support
1993,92,GV22,support
1994,56,ST43,support
1995,112,GV6,main
1996,468,PC8,support
1997,53,LI7,main
1998,37,GB42,support
1999,398,TE1,main
2000,460,GB4,main
2001,335,GV19,main
2002,478,LI9,support
2003,137,SP2,support
2004,464,KI9,main
2005,264,GB1,support
2006,224,KI15,main
2007,277,SI10,main
2008,197,CV16,support
2009,63,GB40,support
2010,171,CV13,support
2011,206,LI18,main
2012,188,GB23,support
2013,42,TE8,support
2014,332,HT7,main
2015,284,LI10,support
2016,339,HT1,support
2017,357,KI8,main
2018,323,CV16,support
2019,250,ST13,support
2020,377,HT1,main
2021,19,HT2,main
2022,369,LR9,main
2023,251,KI8,main
2024,406,GB26,support
2025,256,GB23,support
2026,495,LU9,main
2027,174,LI18,support
2028,404,LI11,support
2029,61,SI3,support
2030,482,CV11,main
2031,380,LR2,main
2032,474,ST6,main
2033,377,ST42,support
2034,335,LU10,support
2035,465,GV8,main
2036,125,CV23,main
2037,8,SP13,main
2038,464,BL33,main
2039,234,GV4,main
2040,428,LR8,main
2041,419,ST24,main
2042,255,LR10,main
2043,33,HT7,support
2044,173,CV11,support
2045,167,ST31,main
2046,165,SI4,main
2047,304,SP13,support
2048,33,ST31,support
2049,73,KI21,main
2050,357,BL65,main
2051,225,SI19,main
2052,69,ST21,support
2053,399,SP5,main
2054,451,TE22,main
2055,4,LU4,main
2056,475,ST15,support
2057,214,CV19,support
2058,355,ST34,main
2059,74,GV19,support
2060,268,TE3,support
2061,123,SP14,main
2062,306,SP17,support
2063,314,ST15,support
2064,179,KI23,main
2065,286,SI15,main
2066,61,GB21,main
2067,317,BL61,main
2068,238,GV12,main
2069,142,LI17,main
2070,58,SP1,support
2071,255,SP15,main
2072,344,LI12,main
2073,331,BL62,support
2074,108,PC4,support
2075,172,GV7,support
2076,23,ST23,main
2077,474,GB25,main
2078,81,LI4,support
2079,264,ST29,main
2080,459,SI15,support
2081,304,LR2,support
2082,215,HT5,support
2083,118,ST26,support
2084,117,ST20,main
2085,378,KI20,main
2086,193,SI7,main
2087,242,LR5,support
2088,28,PC5,main
2089,111,GV4,support
2090,92,KI7,support
2091,70,TE7,main
2092,324,BL59,support
2093,104,BL47,main
2094,17,CV18,main
2095,144,ST39,main
2096,437,TE11,support
2097,215,SP12,support
2098,113,BL27,main
2099,405,GV18,main
2100,296,GB33,main
2101,45,KI19,support
2102,442,SI5,support
2103,429,TE9,support
2104,8,PC1,main
2105,127,BL43,support
2106,297,SI8,main
2107,468,GB43,main
2108,214,LI12,main
2109,241,GB8,main
2110,218,GB21,support
2111,246,CV20,main
2112,232,GB3,main
2113,43,GB35,main
2114,355,KI17,main
2115,68,BL59,support
2116,123,GV23,main
2117,9,TE18,support
2118,83,CV24,support
2119,440,GB42,main
2120,500,TE5,support
2121,396,ST40,support
2122,95,BL65,support
2123,361,GV16,main
2124,441,GV13,main
2125,198,CV17,support
2126,272,LI6,support
2127,219,BL14,main
2128,404,CV14,main
2129,318,BL47,main
2130,264,CV9,support
2131,455,LI16,main
2132,197,BL63,support
2133,317,LI10,support
2134,188,SP14,main
2135,288,HT8,main
2136,172,SI17,main
2137,333,TE17,main
2138,386,SI10,support
2139,181,BL12,support
2140,142,LI17,main
2141,191,BL52,support
2142,249,GB6,main
2143,241,GB22,support
2144,232,GV9,support
2145,410,CV8,main
2146,97,TE7,main
2147,42,KI9,main
2148,148,ST9,main
2149,85,BL17,main
2150,357,ST45,support
2151,78,HT8,main
2152,151,KI22,main
2153,243,BL53,support
2154,228,GV22,main
2155,150,SP21,main
2156,12,SI13,support
2157,211,LR2,support
2158,336,GV22,support
2159,249,LR9,support
2160,235,BL31,main
2161,460,BL32,main
2162,405,BL9,main
2163,248,BL66,support
2164,395,LI14,main
2165,181,BL21,support
2166,490,SP10,main
2167,365,GB24,support
2168,94,SP14,main
2169,83,SI16,main
2170,22,BL38,main
2171,226,BL9,support
2172,95,HT9,main
2173,341,BL38,support
2174,76,BL66,support
2175,277,SP8,support
2176,63,LI2,support
2177,477,GB5,main
2178,486,TE7,support
2179,80,LU3,support
2180,332,BL27,support
2181,459,BL24,main
2182,410,GB39,support
2183,174,CV16,main
2184,375,TE18,main
2185,72,CV11,main
2186,158,LI2,support
2187,317,SI7,support
2188,183,ST17,support
2189,29,GV3,main
2190,299,GB19,main
2191,401,BL18,main
2192,12,ST12,support
2193,347,CV7,main
2194,500,GB12,support
2195,100,GB1,support
2196,309,GV1,main
2197,466,CV5,support
2198,204,ST45,support
2199,190,KI6,support
2200,7,BL21,support
2201,180,BL33,support
2202,448,GB37,main
2203,111,PC9,support
2204,412,PC8,support
2205,84,KI26,support
2206,72,LR6,main
2207,74,SI1,support
2208,244,GB18,support
2209,34,LR8,support
2210,46,LU4,support
2211,328,BL15,support
2212,90,GB34,support
2213,364,GB40,main
2214,103,SP20,support
2215,149,GB33,support
2216,22,BL30,support
2217,253,GB36,support
2218,115,LI3,main
2219,79,BL10,support
2220,490,GV19,support
2221,64,GV26,support
2222,214,SP16,support
2223,465,CV16,main
2224,15,ST31,support
2225,253,ST4,support
2226,298,TE19,support
2227,445,BL8,support
2228,499,CV19,main
2229,192,GB12,main
2230,433,BL8,main
2231,298,LI19,main
2232,164,TE9,main
2233,183,SP8,main
2234,140,BL60,support
2235,326,BL58,main
2236,149,BL25,main
2237,264,HT3,main
2238,392,ST18,main
2239,279,BL41,support
2240,424,CV14,support
2241,139,CV14,support
2242,50,GB23,support
2243,422,ST43,main
2244,71,GB15,support
2245,191,TE21,support
2246,175,SP8,main
2247,112,SP4,main
2248,426,SP21,main
2249,214,TE8,main
2250,60,ST37,main
2251,246,BL54,support
2252,354,BL61,main
2253,419,PC8,support
2254,89,BL31,main
2255,382,ST30,main
2256,66,CV19,main
2257,353,SI11,support
2258,65,SI2,main
2259,41,KI26,main
2260,40,LU10,support
2261,388,PC2,main
2262,101,ST25,main
2263,407,CV1,main
2264,241,ST30,support
2265,23,ST3,support
2266,342,LU6,main
2267,401,ST33,main
2268,301,HT6,main
2269,344,BL55,main
2270,47,ST44,support
2271,486,LR2,support
2272,181,SP7,main
2273,259,GB41,main
2274,51,LR2,main
2275,271,SI6,main
2276,494,BL20,main
2277,462,GB25,main
2278,499,ST20,main
2279,472,GB8,support
2280,188,CV21,main
2281,226,CV8,main
2282,93,BL57,support
2283,218,SI4,main
2284,209,ST27,support
2285,64,TE11,main
2286,267,ST39,support
2287,391,BL60,support
2288,286,LI10,main
2289,168,GB2,main
2290,198,BL21,support
2291,308,BL35,support
2292,116,GB33,support
2293,149,PC1,main
2294,439,ST5,support
2295,481,CV11,support
2296,92,LU7,support
2297,345,ST23,support
2298,225,GB17,main
2299,62,ST43,support
2300,206,CV19,main
2301,380,SP11,main
2302,187,HT5,support
2303,103,LR10,support
2304,63,SI14,support
2305,372,GB5,support
2306,392,LR3,support
2307,388,GV21,support
2308,183,TE16,support
2309,249,GB11,support
2310,76,TE5,main
2311,63,BL4,support
2312,255,SI13,main
2313,16,ST20,main
2314,426,ST4,support
2315,348,LI3,main
2316,196,GV1,support
2317,79,BL31,main
2318,390,ST9,support
2319,406,TE11,main
2320,151,CV2,support
2321,252,GB8,support
2322,278,BL51,main
2323,488,LI6,support
2324,451,ST30,support
2325,231,BL37,support
2326,227,TE8,main
2327,17,SP15,support
2328,453,SP9,support
2329,221,ST38,support
2330,367,KI8,support
2331,392,ST26,support
2332,338,GB33,support
2333,244,GB37,main
2334,260,LI18,support
2335,135,GB3,support
2336,316,CV10,support
2337,393,BL21,support
2338,32,LI4,main
2339,66,BL63,support
2340,415,LR4,main
2341,392,GV12,support
2342,195,ST19,support
2343,177,BL58,support
2344,180,LI18,main
2345,127,SI15,support
2346,304,ST13,main
2347,445,BL32,main
2348,173,SP11,main
2349,276,BL42,main
2350,236,GV28,support
2351,291,GB13,support
2352,137,LU11,support
2353,302,LI1,support
2354,194,GB42,support
2355,166,GB43,main
2356,414,TE23,main
2357,354,CV9,main
2358,173,GB4,support
2359,86,GV6,support
2360,187,PC5,main
2361,255,GV17,main
2362,431,GB24,main
2363,148,BL11,main
2364,153,GB43,support
2365,412,SI10,main
2366,368,LR2,main
2367,304,BL48,support
2368,35,GB40,support
2369,219,SI2,support
2370,408,ST9,support
2371,259,BL29,support
2372,340,GB26,support
2373,103,KI21,support
2374,129,GV11,support
2375,344,GB30,main
2376,452,LU10,main
2377,296,GB5,main
2378,339,TE12,support
2379,480,GV18,support
2380,479,GB39,main
2381,268,HT6,support
2382,237,ST45,main
2383,78,CV14,support
2384,433,PC4,support
2385,164,ST2,main
2386,434,KI20,support
2387,422,BL22,main
2388,132,CV15,main
2389,208,SI17,main
2390,77,HT2,main
2391,126,BL34,support
2392,249,GB36,support
2393,217,GV23,main
2394,104,SP6,support
2395,70,LI4,support
2396,405,BL18,main
2397,330,LI11,support
2398,401,LU11,main
2399,441,ST12,support
2400,309,BL28,main
2401,462,KI17,support
2402,344,GV28,main
2403,204,ST41,main
2404,58,GB42,main
2405,268,CV4,support
2406,255,ST16,main
2407,308,ST32,support
2408,169,LR5,support
2409,413,SI15,support
2410,112,ST43,main
2411,90,SI4,support
2412,226,KI18,support
2413,442,LR7,main
2414,252,GB23,support
2415,359,ST27,support
2416,280,KI25,support
2417,350,BL2,support
2418,451,ST44,support
2419,244,BL64,support
2420,11,GV22,main
2421,431,CV3,main
2422,354,CV7,main
2423,130,GB32,support
2424,159,GV19,support
2425,463,CV14,main
2426,274,SI16,support
2427,199,LU5,support
2428,475,BL6,support
2429,47,SI15,support
2430,108,SP7,support
2431,324,BL38,support
2432,405,LI7,support
2433,444,ST11,support
2434,242,KI20,support
2435,368,KI25,main
2436,423,SP7,support
2437,260,ST3,support
2438,216,LR14,support
2439,233,CV19,main
2440,391,LI16,main
2441,323,PC9,main
2442,2,KI14,main
2443,322,BL32,support
2444,295,ST12,main
2445,81,BL3,main
2446,434,LR10,support
2447,406,BL39,support
2448,245,ST38,support
2449,89,CV15,support
2450,410,BL20,main
2451,44,KI21,support
2452,94,KI10,support
2453,484,GB42,main
2454,11,LI1,main
2455,465,ST15,support
2456,102,BL10,main
2457,26,KI14,support
2458,308,BL9,main
2459,46,BL64,main
2460,485,GB40,main
2461,8,GB19,support
2462,396,TE5,support
2463,61,SI9,main
2464,98,BL12,support
2465,383,GB3,support
2466,67,PC2,main
2467,308,SI5,support
2468,373,CV10,main
2469,215,SP17,support
2470,406,ST44,main
2471,149,BL10,main
2472,317,TE3,main
2473,190,LR4,support
2474,44,LU6,support
2475,69,BL41,support
2476,352,SI3,support
2477,363,KI25,support
2478,38,ST18,main
2479,27,BL46,main
2480,242,BL57,main
2481,3,BL5,support
2482,155,KI11,support
2483,68,GB36,main
2484,298,SP16,support
2485,87,GB7,support
2486,477,BL49,support
2487,68,ST15,support
2488,364,GB21,support
2489,73,BL9,main
2490,161,LI12,main
2491,256,BL19,support
2492,475,PC2,support
2493,463,BL10,support
2494,265,BL36,support
2495,458,SP9,support
2496,378,GB1,main
2497,285,GV28,support
2498,28,SP21,main
2499,28,SI12,main
2500,19,TE13,support
2501,84,TE12,support
2502,60,GB3,main
2503,227,BL58,support
2504,235,GB2,main
2505,434,ST45,main
2506,179,ST17,main
2507,445,BL21,main
2508,428,SP11,support
2509,289,CV3,main
2510,299,LU3,main
2511,214,ST9,main
2512,394,GB5,main
2513,455,BL44,main
2514,146,CV12,main
2515,202,BL67,main
2516,429,BL41,main
2517,15,ST11,support
2518,426,CV1,support
2519,233,GV13,support
2520,305,GV28,main
2521,169,LI12,support
2522,167,GB41,main
2523,109,LI14,support
2524,166,LI18,main
2525,281,LR14,support
2526,48,KI13,support
2527,92,SI17,support
2528,46,LU11,main
2529,84,KI7,support
2530,146,GV23,main
2531,62,BL28,support
2532,411,PC3,support
2533,463,CV14,main
2534,184,CV4,main
2535,427,BL64,main
2536,251,TE1,support
2537,244,BL13,support
2538,47,KI25,support
2539,315,SP20,support
2540,323,KI27,main
2541,21,GB12,support
2542,499,TE10,main
2543,332,CV15,main
2544,477,GB3,main
2545,149,TE12,support
2546,41,TE17,support
2547,77,ST35,support
2548,431,BL3,support
2549,152,GB41,main
2550,283,ST9,main
2551,263,ST25,support
2552,212,ST18,support
2553,339,GB41,support
2554,182,BL6,main
2555,394,GB7,main
2556,59,CV2,support
2557,92,SP18,support
2558,24,ST12,support
2559,449,CV24,support
2560,161,LR6,support
2561,388,CV7,support
2562,320,BL11,support
2563,495,SP20,main
2564,95,ST10,support
2565,447,CV8,main
2566,223,GB23,main
2567,3,KI11,main
2568,7,SP12,support
2569,236,CV18,support
2570,445,GV28,support
2571,156,GV8,support
2572,354,CV8,support
2573,412,BL30,main
2574,65,ST39,main
2575,98,ST27,main
2576,357,SP21,main
2577,108,TE19,main
2578,333,SI18,support
2579,432,GV12,main
2580,45,BL30,support
2581,76,TE15,support
2582,12,ST29,main
2583,463,SP3,support
2584,494,TE21,support
2585,11,TE3,main
2586,104,BL26,support
2587,27,BL46,main
2588,53,GV14,support
2589,213,GB3,support
2590,19,TE22,support
2591,249,GB12,support
2592,119,ST1,main
2593,217,LR1,support
2594,284,ST2,support
2595,458,GV23,support
2596,456,TE15,main
2597,254,GV10,support
2598,230,CV21,support
2599,11,SP7,support
2600,372,HT2,support
2601,177,PC6,main
2602,260,SI7,support
2603,472,LR14,support
2604,68,BL26,support
2605,492,KI22,support
2606,408,TE14,main
2607,319,SI1,support
2608,354,ST14,support
2609,67,SP13,main
2610,81,GV2,support
2611,52,KI21,support
2612,156,SI15,main
2613,286,LI14,main
2614,184,BL9,support
2615,347,SP6,main
2616,424,GB7,main
2617,414,ST2,support
2618,221,ST28,main
2619,62,GB37,main
2620,250,BL8,support
2621,402,BL57,main
2622,395,GB35,support
2623,459,SP2,main
2624,362,LI15,support
2625,410,TE7,main
2626,500,ST24,main
2627,422,GB37,main
2628,260,ST23,main
2629,323,ST30,main
2630,467,BL61,main
2631,373,BL25,support
2632,391,GB9,support
2633,376,ST20,main
2634,332,BL62,support
2635,420,ST40,main
2636,435,HT7,support
2637,497,KI21,main
2638,126,TE15,support
2639,147,GB8,main
2640,44,BL12,support
2641,367,KI21,support
2642,323,CV4,main
2643,78,GB21,support
2644,404,SI11,main
2645,411,PC1,support
2646,471,KI18,support
2647,488,GB14,support
2648,484,LI5,support
2649,75,LU6,main
2650,44,BL49,support
2651,206,SP9,support
2652,32,KI10,main
2653,339,GV20,main
2654,463,GB44,main
2655,324,CV2,support
2656,215,KI14,support
2657,370,BL36,support
2658,5,BL19,main
2659,359,KI15,support
2660,330,HT9,support
2661,358,BL52,support
2662,398,HT5,support
2663,44,LI8,support
2664,200,ST34,support
2665,110,ST17,support
2666,267,BL50,main
2667,12,LI4,support
2668,124,BL31,support
2669,259,ST26,main
2670,431,BL66,support
2671,322,GB9,support
2672,64,LI14,main
2673,230,BL28,main
2674,233,BL49,main
2675,413,LR3,main
2676,180,BL29,support
2677,342,GB43,main
2678,366,KI2,main
2679,54,BL43,main
2680,422,BL60,support
2681,51,ST45,support
2682,425,KI19,main
2683,48,ST1,support
2684,455,ST36,support
2685,110,TE1,main
2686,190,CV10,support
2687,302,GB36,support
2688,447,BL11,support
2689,326,KI25,support
2690,353,TE23,support
2691,422,SP8,main
2692,259,ST35,support
2693,365,TE7,main
2694,496,CV24,main
2695,356,SI3,support
2696,243,LI6,main
2697,484,GB36,support
2698,472,ST30,support
2699,57,ST31,support
2700,293,BL24,main
2701,268,SP3,main
2702,191,BL32,support
2703,156,BL26,support
2704,15,ST43,main
2705,402,LR7,support
2706,25,BL32,support
2707,111,SP18,support
2708,2,ST32,support
2709,35,LI12,support
2710,247,GB43,support
2711,290,TE4,support
2712,401,KI2,support
2713,428,GV2,main
2714,391,ST40,support
2715,390,TE3,support
2716,77,BL42,main
2717,410,GV11,support
2718,199,SI14,support
2719,174,GB26,main
2720,491,CV7,support
2721,377,BL18,main
2722,444,SP9,main
2723,293,GV14,support
2724,288,GV22,main
2725,330,GB36,main
2726,99,GV8,main
2727,491,GB41,main
2728,385,TE16,main
2729,62,CV1,main
2730,493,LU10,support
2731,403,HT9,main
2732,425,LR2,support
2733,44,GB23,support
2734,206,LR7,main
2735,252,LI1,support
2736,224,SP17,support
2737,13,GB20,support
2738,196,BL7,main
2739,59,ST20,main
2740,147,ST43,main
2741,131,ST15,main
2742,158,KI17,main
2743,31,GV6,support
2744,93,LI3,main
2745,153,KI8,main
2746,164,ST42,support
2747,458,BL41,support
2748,193,ST31,main
2749,104,SI17,main
2750,253,GB10,support
2751,487,ST28,support
2752,32,BL38,support
2753,284,KI17,main
2754,248,LI4,support
2755,325,SI14,main
2756,138,GB33,main
2757,127,GB34,main
2758,156,GB40,support
2759,229,ST12,main
2760,401,ST42,support
2761,277,SP11,main
2762,276,KI25,support
2763,22,LU1,support
2764,493,GV9,support
2765,335,SP10,main
2766,31,TE19,support
2767,307,BL4,support
2768,180,GV15,main
2769,300,GB11,support
2770,24,SP7,main
2771,154,ST15,support
2772,358,ST32,main
2773,372,GB34,support
2774,450,PC3,main
2775,313,GB8,support
2776,453,CV13,support
2777,326,BL9,support
2778,140,BL1,support
2779,175,SI2,support
2780,492,LR12,support
2781,9,CV18,main
2782,331,LU2,support
2783,3,LU5,main
2784,212,GB34,support
2785,391,KI10,main
2786,404,GV24,main
2787,276,LI5,support
2788,345,ST33,support
2789,498,KI1,support
2790,199,SP15,main
2791,64,TE9,support
2792,480,HT2,support
2793,5,SI8,main
2794,389,BL19,support
2795,99,ST16,support
2796,414,SI8,main
2797,253,BL61,main
2798,144,GB2,main
2799,4,HT4,support
2800,57,BL18,support
2801,88,GB32,main
2802,338,GB39,main
2803,34,LR7,main
2804,382,ST3,main
2805,133,GB41,main
2806,452,GB17,support
2807,99,CV11,main
2808,497,CV18,support
2809,349,GB36,support
2810,2,KI27,main
2811,438,BL41,support
2812,433,KI17,support
2813,63,CV12,support
2814,254,BL61,main
2815,453,SI9,main
2816,143,KI24,support
2817,162,LU3,support
2818,100,BL47,main
2819,451,GB42,main
2820,378,SI10,support
2821,491,ST8,main
2822,101,SP9,support
2823,160,ST2,main
2824,15,TE18,support
2825,414,LI2,support
2826,431,BL4,main
2827,56,TE15,main
2828,491,BL50,main
2829,421,BL46,main
2830,484,ST7,support
2831,392,ST18,support
2832,297,ST33,main
2833,499,ST1,main
2834,194,BL36,main
2835,401,ST35,main
2836,471,PC8,main
2837,155,GV4,support
2838,34,ST22,main
2839,287,LI16,support
2840,436,KI4,support
2841,50,GV8,support
2842,120,LR12,main
2843,233,KI5,support
2844,408,PC1,main
2845,174,GV25,main
2846,233,GB14,support
2847,301,HT2,main
2848,53,LU7,main
2849,304,HT3,main
2850,327,GB10,support
2851,182,KI24,support
2852,372,GV9,support
2853,96,SI19,main
2854,409,LI12,main
2855,66,BL35,support
2856,263,GV25,support
2857,160,LR4,main
2858,76,TE13,support
2859,309,BL51,support
2860,189,LU5,main
2861,30,SI16,main
2862,217,BL52,main
2863,500,HT6,main
2864,403,ST5,support
2865,97,CV5,support
2866,356,CV18,support
2867,308,CV18,support
2868,437,LR2,support
2869,316,BL29,support
2870,169,SP8,main
2871,233,LI11,support
2872,113,LU2,main
2873,355,SI12,support
2874,320,SI4,main
2875,247,BL45,support
2876,106,KI13,main
2877,423,LU4,support
2878,6,ST7,support
2879,16,GB34,main
2880,73,BL24,support
2881,100,GV15,support
2882,23,LI5,main
2883,102,BL21,main
2884,113,BL10,main
2885,174,GB33,main
2886,92,HT4,main
2887,91,BL10,main
2888,11,CV10,main
2889,195,GV27,main
2890,174,SI2,support
2891,234,SI17,support
2892,415,BL66,main
2893,482,GB19,support
2894,450,ST3,main
2895,74,ST36,main
2896,99,GB22,support
2897,356,BL67,support
2898,307,PC1,main
2899,472,LI13,main
2900,438,GB24,support
2901,405,SP1,support
2902,127,LI17,support
2903,447,ST34,support
2904,108,ST11,support
2905,405,CV3,main
2906,86,GB10,support
2907,385,GV22,support
2908,256,GB15,support
2909,92,BL40,support
2910,270,CV19,support
2911,367,GB3,support
2912,138,LR3,support
2913,327,LR4,main
2914,107,SI7,main
2915,232,SI15,support
2916,112,BL32,support
2917,456,KI2,main
2918,479,BL67,support
2919,282,ST13,main
2920,385,ST13,support
2921,228,GB15,support
2922,118,LR4,main
2923,239,GB12,support
2924,219,TE3,support
2925,222,KI18,support
2926,412,GB4,support
2927,140,KI4,main
2928,92,PC8,main
2929,136,GV22,main
2930,184,ST12,support
2931,432,GB6,main
2932,403,BL17,main
2933,51,ST30,main
2934,185,LI9,main
2935,171,HT4,support
2936,129,BL30,support
2937,98,GV1,main
2938,438,GB28,support
2939,5,BL29,support
2940,422,BL53,support
2941,485,KI16,main
2942,242,GV26,main
2943,444,KI12,main
2944,117,SI2,support
2945,120,GB14,support
2946,370,TE9,support
2947,406,ST13,support
2948,434,SP21,support
2949,395,CV21,support
2950,108,PC6,support
2951,437,GB35,main
2952,192,ST41,main
2953,157,LU5,support
2954,415,CV1,support
2955,174,SI10,support
2956,218,CV15,support
2957,391,CV17,support
2958,167,LR6,main
2959,291,LI6,main
2960,79,BL45,support
2961,196,HT8,support
2962,33,GB23,support
2963,97,TE16,main
2964,169,GB41,support
2965,328,BL31,main
2966,88,ST23,main
2967,17,CV16,support
2968,14,SP20,main
2969,36,KI6,support
2970,106,SI14,support
2971,338,GB18,main
2972,233,LI19,support
2973,266,LU6,main
2974,168,KI19,support
2975,81,ST26,main
2976,275,KI23,support
2977,381,ST5,support
2978,490,HT9,main
2979,446,HT9,support
2980,222,CV4,support
2981,82,GV1,support
2982,301,HT7,support
2983,142,HT7,main
2984,74,TE1,main
2985,423,KI13,main
2986,270,BL44,support
2987,236,TE9,main
2988,378,ST16,support
2989,331,TE6,support
2990,359,BL28,support
2991,314,SP14,support
2992,128,SP16,support
2993,235,KI5,main
2994,358,GB41,main
2995,202,CV21,main
2996,123,SP5,support
2997,452,GV13,support
2998,342,ST4,main
2999,466,GB2,support
3000,391,GB33,main
3001,189,ST9,main
3002,259,BL42,support
3003,231,SP9,support
3004,107,GB9,main
3005,237,LI3,main
3006,328,CV19,support
3007,196,BL51,support
3008,439,HT3,support
3009,20,LU6,support
3010,59,ST39,support
3011,344,TE10,support
3012,237,ST4,main
3013,281,GV28,main
3014,366,PC6,main
3015,242,BL18,main
3016,88,LU10,main
3017,91,BL26,main
3018,274,KI9,main
3019,40,CV7,main
3020,347,BL15,main
3021,226,BL59,main
3022,111,LI7,main
3023,227,CV20,main
3024,429,GV17,main
3025,200,CV17,support
3026,228,LI16,main
3027,25,KI2,main
3028,476,BL3,support
3029,466,SI17,main
3030,47,LU9,support
3031,15,LU8,support
3032,421,HT2,main
3033,113,ST19,main
3034,371,SP10,main
3035,213,GB12,main
3036,418,BL43,support
3037,288,GV12,main
3038,320,SI1,support
3039,481,PC1,main
3040,119,SI4,main
3041,183,BL41,main
3042,8,KI14,support
3043,7,KI8,main
3044,235,SI7,main
3045,337,BL18,support
3046,23,ST4,main
3047,211,BL30,support
3048,53,GB24,main
3049,129,ST18,support
3050,324,CV20,support
3051,348,CV19,main
3052,171,SP14,support
3053,436,CV5,support
3054,35,BL47,main
3055,312,LR5,support
3056,196,GB11,main
3057,258,LR6,main
3058,120,LU11,main
3059,159,SI16,support
3060,388,SI19,main
3061,31,ST40,support
3062,256,BL27,main
3063,78,KI1,main
3064,329,LI9,main
3065,473,LR12,support
3066,379,BL44,main
3067,143,BL38,main
3068,267,KI21,support
3069,385,LI2,main
3070,434,BL45,support
3071,125,HT9,main
3072,465,CV4,main
3073,411,CV15,main
3074,312,KI4,support
3075,94,PC8,main
3076,34,GB1,main
3077,489,HT2,main
3078,325,ST42,main
3079,65,ST16,main
3080,304,GB31,main
3081,121,GB9,main
3082,219,TE12,support
3083,85,HT5,main
3084,218,SP15,main
3085,156,BL22,support
3086,496,GV17,main
3087,140,TE19,main
3088,487,BL60,support
3089,194,SP10,support
3090,226,KI25,support
3091,390,SP4,support
3092,11,KI4,support
3093,438,ST12,support
3094,305,GB25,main
3095,284,SP14,support
3096,195,TE10,support
3097,233,BL21,support
3098,288,GV2,support
3099,37,BL46,main
3100,367,TE13,main
3101,80,HT1,main
3102,7,GB6,support
3103,252,KI16,support
3104,482,KI11,support
3105,197,TE23,support
3106,329,LR7,main
3107,210,LI9,main
3108,198,GB39,main
3109,100,PC5,support
3110,395,BL54,support
3111,326,CV16,support
3112,357,LI19,support
3113,475,KI26,main
3114,125,TE17,main
3115,472,BL61,main
3116,358,CV4,main
3117,134,GV1,support
3118,484,CV12,main
3119,131,BL2,main
3120,7,ST29,main
3121,330,KI5,support
3122,362,LR6,main
3123,266,SP21,support
3124,85,KI27,support
3125,355,BL30,support
3126,301,BL33,support
3127,386,ST15,main
3128,326,GB43,support
3129,417,ST43,support
3130,384,SI2,support
3131,358,BL33,main
3132,87,GB1,main
3133,50,ST5,support
3134,269,KI22,support
3135,376,PC2,main
3136,91,BL67,main
3137,361,ST38,main
3138,250,SP18,main
3139,231,GB40,main
3140,96,HT6,main
3141,384,SP18,main
3142,133,KI18,support
3143,321,GV11,main
3144,445,GV17,main
3145,41,BL26,main
3146,194,ST33,support
3147,33,BL51,main
3148,300,SI15,support
3149,249,CV8,main
3150,5,ST1,support
3151,385,LU4,main
3152,50,SI3,main
3153,193,LR14,support
3154,478,TE21,support
3155,388,BL48,support
3156,173,BL65,support
3157,162,SI17,support
3158,341,KI13,support
3159,313,LI19,support
3160,448,BL45,main
3161,2,TE6,support
3162,372,ST41,main
3163,309,ST32,support
3164,487,CV22,main
3165,189,TE4,support
3166,264,KI20,main
3167,2,GV18,support
3168,9,GV16,support
3169,448,LI13,support
3170,348,PC9,main
3171,311,TE21,support
3172,379,GV5,main
3173,179,PC1,support
3174,338,CV22,main
3175,376,KI6,support
3176,311,HT3,main
3177,446,GB16,main
3178,66,GB4,main
3179,155,CV8,support
3180,87,TE1,main
3181,247,CV3,main
3182,125,SI3,main
3183,386,CV1,main
3184,55,PC4,main
3185,83,BL43,support
3186,393,BL19,main
3187,369,BL7,support
3188,488,CV7,main
3189,341,ST39,support
3190,47,CV18,support
3191,447,SI9,main
3192,330,BL51,support
3193,467,KI4,support
3194,414,SI14,main
3195,133,ST29,support
3196,45,ST27,main
3197,175,LR9,main
3198,382,ST29,support
3199,66,BL36,support
3200,296,LU1,support
3201,32,LR8,main
3202,434,KI7,support
3203,164,BL62,main
3204,267,CV3,main
3205,55,KI11,main
3206,276,TE8,support
3207,75,BL27,main
3208,256,CV12,support
3209,76,LR13,support
3210,75,CV4,main
3211,307,BL39,support
3212,258,CV16,main
3213,141,GB43,support
3214,324,SI5,support
3215,150,CV24,support
3216,31,BL46,main
3217,424,SI2,main
3218,359,LI16,main
3219,439,TE22,support
3220,154,CV1,main
3221,12,GB30,support
3222,173,KI25,support
3223,179,KI9,support
3224,37,GB20,support
3225,145,CV20,main
3226,359,GB30,support
3227,50,ST37,support
3228,386,LR3,main
3229,436,BL31,support
3230,336,SP8,main
3231,227,CV20,support
3232,150,ST44,main
3233,112,HT4,main
3234,186,GB44,main
3235,348,ST45,support
3236,487,KI27,main
3237,475,LI18,main
3238,183,TE15,main
3239,484,LI16,main
3240,264,GV24,support
3241,304,PC4,main
3242,322,KI15,main
3243,18,ST30,main
3244,204,TE23,support
3245,353,LR11,main
3246,335,KI1,main
3247,399,TE10,support
3248,141,GV15,support
3249,189,LU6,main
3250,60,ST12,main
3251,251,GV20,main
3252,12,LR6,support
3253,141,CV19,main
3254,407,LR9,main
3255,197,TE20,support
3256,153,GB42,main
3257,51,BL42,main
3258,366,GB25,main
3259,208,CV22,main
3260,202,GB34,support
3261,33,GB15,main
3262,386,SI1,main
3263,93,LR12,main
3264,3,GB34,support
3265,410,BL36,main
3266,21,ST35,main
3267,335,SP7,main
3268,288,BL7,main
3269,44,ST33,support
3270,187,GB28,main
3271,217,GV28,main
3272,128,BL29,main
3273,485,GB15,support
3274,338,GB23,support
3275,72,LR1,support
3276,356,BL36,support
3277,311,GB25,main
3278,353,ST20,main
3279,122,LI8,main
3280,73,BL29,main
3281,491,ST38,main
3282,303,BL59,support
3283,66,GV10,support
3284,39,GB31,support
3285,134,KI4,main
3286,205,TE6,main
3287,484,BL6,support
3288,482,CV19,main
3289,275,HT8,main
3290,323,BL13,main
3291,366,BL66,main
3292,215,SP3,support
3293,404,PC4,support
3294,14,GV1,main
3295,40,BL14,main
3296,273,ST26,support
3297,34,BL44,main
3298,186,BL46,support
3299,75,SI10,support
3300,6,ST20,support
3301,497,SI8,support
3302,488,ST23,main
3303,90,GB19,support
3304,302,TE23,main
3305,271,BL54,support
3306,283,BL14,main
3307,460,LI14,main
3308,163,KI8,main
3309,177,CV11,support
3310,245,LR9,main
3311,133,LU5,main
3312,337,ST34,main
3313,194,GB40,support
3314,28,GV19,support
3315,363,BL3,support
3316,362,TE7,main
3317,225,BL57,support
3318,258,BL22,support
3319,488,PC1,main
3320,157,GV17,main
3321,486,BL32,support
3322,395,BL36,main
3323,325,ST10,main
3324,374,SI17,main
3325,85,GB44,main
3326,44,BL22,support
3327,414,LU6,support
3328,347,GB10,main
3329,246,GB4,main
3330,208,LU8,main
3331,467,LU4,support
3332,360,GB23,support
3333,126,CV2,main
3334,311,TE2,main
3335,346,GB18,main
3336,90,ST8,support
3337,430,ST38,support
3338,488,LI16,support
3339,254,KI3,main
3340,192,ST27,support
3341,468,CV11,main
3342,426,GB26,main
3343,149,BL29,support
3344,151,BL11,main
3345,2,GV15,support
3346,112,BL32,main
3347,479,TE10,support
3348,30,BL58,main
3349,316,TE8,support
3350,153,BL57,main
3351,3,BL55,main
3352,206,BL57,main
3353,52,PC2,support
3354,102,ST13,main
3355,211,ST33,support
3356,4,SP4,support
3357,116,TE13,support
3358,192,BL29,support
3359,220,SP18,support
3360,56,PC6,support
3361,83,ST41,support
3362,383,PC4,main
3363,184,HT5,main
3364,98,BL21,main
3365,69,KI11,support
3366,381,BL45,main
3367,83,CV5,main
3368,486,TE18,support
3369,61,KI24,support
3370,282,GB3,main
3371,167,KI13,support
3372,68,ST26,main
3373,406,LU11,main
3374,80,BL52,main
3375,393,CV14,main
3376,27,CV11,support
3377,220,LR11,main
3378,223,TE18,support
3379,145,TE21,main
3380,390,PC1,main
3381,317,SP3,main
3382,128,BL19,main
3383,443,BL10,main
3384,342,PC1,main
3385,243,ST22,main
3386,97,LR8,main
3387,118,ST31,main
3388,206,LI9,support
3389,99,ST44,support
3390,10,GV7,main
3391,47,LI16,support
3392,209,GB18,support
3393,359,GV16,main
3394,114,BL48,support
3395,246,ST1,support
3396,330,LI16,support
3397,57,BL13,support
3398,144,BL55,support
3399,127,BL39,main
3400,94,LI10,main
3401,27,CV2,support
3402,109,BL22,support
3403,144,GV2,main
3404,221,SP19,support
3405,486,GB1,support
3406,172,BL31,main
3407,50,CV6,main
3408,350,GB32,main
3409,170,BL60,support
3410,381,LR7,support
3411,122,GV24,support
3412,108,LR5,support
3413,45,ST24,main
3414,323,LR14,main
3415,22,LR6,main
3416,99,CV24,support
3417,474,ST20,main
3418,483,GB29,support
3419,155,TE15,main
3420,274,SP3,main
3421,66,HT2,support
3422,282,BL5,support
3423,459,BL63,support
3424,323,ST30,support
3425,35,TE20,support
3426,269,GB7,main
3427,86,LR12,support
3428,357,ST36,support
3429,24,GB39,main
3430,407,CV19,main
3431,380,KI12,support
3432,351,GB22,main
3433,85,PC6,support
3434,288,KI8,support
3435,311,BL15,main
3436,95,LU2,main
3437,293,SI6,main
3438,451,GB12,support
3439,258,GB18,support
3440,156,SI7,support
3441,363,BL13,main
3442,88,SI9,main
3443,274,SI16,support
3444,21,GV19,main
3445,483,BL18,main
3446,139,LI16,main
3447,422,SI2,main
3448,1,GV24,support
3449,324,GV1,support
3450,167,ST12,support
3451,370,ST38,support
3452,460,GV5,support
3453,167,LI19,main
3454,422,BL58,main
3455,375,BL19,main
3456,132,LU9,main
3457,370,CV16,support
3458,485,GV26,support
3459,446,GV12,main
3460,419,PC8,main
3461,167,BL13,main
3462,298,GV14,support
3463,80,TE1,main
3464,374,PC4,support
3465,76,TE18,main
3466,254,SP17,support
3467,95,SP15,main
3468,292,GB1,main
3469,332,BL20,main
3470,159,SP8,main
3471,419,KI10,main
3472,36,ST43,main
3473,219,BL1,support
3474,466,GV22,support
3475,52,GB19,main
3476,373,LU7,main
3477,194,KI5,main
3478,57,LU7,main
3479,68,BL3,main
3480,138,ST43,main
3481,406,LU5,main
3482,278,BL49,main
3483,104,ST41,support
3484,389,GB38,support
3485,418,SP8,support
3486,170,TE18,main
3487,125,LI18,support
3488,322,GB28,main
3489,11,LI12,main
3490,279,BL27,main
3491,262,KI21,main
3492,1,SI9,main
3493,117,KI27,support
3494,76,BL56,support
3495,116,CV14,support
3496,352,ST27,support
3497,87,ST26,main
3498,53,BL20,support
3499,40,GV7,support
3500,61,BL60,main
3501,459,LI12,main
3502,92,PC1,support
3503,308,SP17,support
3504,77,CV5,support
3505,320,BL22,support
3506,449,ST23,support
3507,470,GB5,support
3508,478,BL11,main
3509,404,LU2,main
3510,399,GV27,main
3511,164,ST45,support
3512,229,TE17,main
3513,58,LR1,support
3514,492,BL18,main
3515,47,BL41,main
3516,94,KI6,support
3517,164,GB3,support
3518,247,CV19,support
3519,309,GV17,support
3520,71,GV26,main
3521,197,KI23,support
3522,276,GB23,support
3523,273,GB24,main
3524,197,ST12,support
3525,270,LR1,main
3526,360,ST14,main
3527,186,LU2,main
3528,436,LU9,support
3529,286,TE15,main
3530,472,ST26,main
3531,467,BL54,support
3532,435,ST41,support
3533,236,ST43,support
3534,125,SI2,main
3535,29,ST40,main
3536,493,CV20,main
3537,194,LI3,support
3538,191,LI17,main
3539,340,LR3,main
3540,245,LR10,main
3541,16,ST45,support
3542,73,ST10,main
3543,40,LU7,support
3544,77,SP18,support
3545,381,ST41,support
3546,241,KI19,support
3547,228,GV22,main
3548,147,ST26,main
3549,31,GV20,main
3550,310,SP13,main
3551,6,KI11,support
3552,349,TE5,support
3553,471,GB42,support
3554,364,SI11,support
3555,477,SP5,support
3556,499,ST17,support
3557,487,ST34,main
3558,206,GV8,main
3559,113,KI9,main
3560,422,GB36,main
3561,419,CV18,support
3562,245,BL36,support
3563,424,KI3,main
3564,28,BL66,support
3565,100,BL14,main
3566,54,ST9,support
3567,309,BL47,main
3568,123,BL20,main
3569,278,ST24,main
3570,109,LR11,main
3571,388,BL34,main
3572,283,HT7,main
3573,124,BL13,main
3574,292,GB39,main
3575,289,TE20,main
3576,25,BL37,main
3577,484,BL34,main
3578,183,BL20,support
3579,257,HT3,support
3580,385,KI9,support
3581,499,ST36,main
3582,170,KI17,main
3583,258,SP1,main
3584,301,KI4,support
3585,301,LI9,support
3586,83,SP2,support
3587,41,GV12,main
3588,488,SI13,main
3589,414,CV12,main
3590,394,SP7,support
3591,230,ST37,support
3592,149,BL60,support
3593,21,CV13,support
3594,123,SI1,main
3595,491,SP3,support
3596,50,LU8,main
3597,393,BL34,main
3598,256,ST18,support
3599,161,SP11,support
3600,83,ST4,support
3601,296,BL62,support
3602,46,ST6,main
3603,364,TE8,support
3604,243,BL7,support
3605,333,ST41,main
3606,498,GB41,support
3607,21,BL62,support
3608,206,KI18,main
3609,226,BL63,support
3610,192,ST12,support
3611,260,TE3,support
3612,450,CV13,main
3613,318,GV21,main
3614,380,BL1,main
3615,80,ST23,support
3616,193,SP6,support
3617,438,ST7,main
3618,199,TE9,main
3619,179,TE11,support
3620,329,GB23,support
3621,56,ST13,main
3622,375,ST25,support
3623,394,PC3,main
3624,206,BL44,main
3625,163,BL51,support
3626,109,CV23,support
3627,59,BL18,support
3628,20,GB29,main
3629,486,TE13,main
3630,328,SI4,support
3631,291,LI6,support
3632,32,BL61,support
3633,243,SI4,main
3634,109,LI1,support
3635,139,BL5,main
3636,43,ST42,main
3637,141,KI16,main
3638,153,TE4,support
3639,269,SI4,support
3640,95,LI17,main
3641,459,PC1,support
3642,494,BL28,main
3643,102,BL54,support
3644,247,TE16,main
3645,495,CV20,support
3646,182,CV18,support
3647,422,LU6,main
3648,40,CV5,main
3649,166,CV4,support
3650,8,SP2,support
3651,479,ST45,support
3652,443,BL38,main
3653,406,CV9,support
3654,135,GB16,main
3655,231,ST34,support
3656,328,LR2,main
3657,19,SI6,main
3658,216,CV20,main
3659,308,KI2,main
3660,179,SI2,main
3661,498,CV11,main
3662,190,BL62,main
3663,155,BL33,main
3664,359,GB5,support
3665,212,KI19,support
3666,181,GB27,support
3667,268,BL47,main
3668,475,SP15,support
3669,220,BL67,main
3670,284,LR10,main
3671,278,PC5,support
3672,146,CV1,support
3673,325,BL21,main
3674,45,ST23,main
3675,333,LU9,support
3676,54,GB4,main
3677,325,PC9,main
3678,342,BL24,support
3679,109,SI9,support
3680,283,KI4,main
3681,101,TE13,main
3682,180,TE10,support
3683,465,GV22,support
3684,4,BL67,main
3685,260,BL21,support
3686,451,CV1,support
3687,158,KI21,main
3688,3,KI21,main
3689,8,LI3,main
3690,405,BL67,support
3691,172,SP12,support
3692,124,GB34,support
3693,99,GV7,support
3694,425,LI16,support
3695,66,GV17,support
3696,373,SP13,support
3697,463,BL38,main
3698,224,SI13,main
3699,364,ST34,main
3700,324,LR1,support
3701,432,GV13,support
3702,429,GB33,main
3703,486,BL41,main
3704,48,ST17,main
3705,224,LU6,main
3706,15,GV8,main
3707,293,KI4,main
3708,381,ST36,support
3709,325,GV15,support
3710,96,SI17,main
3711,153,HT3,main
3712,372,KI2,support
3713,338,LI16,support
3714,43,ST43,main
3715,327,LR2,main
3716,57,TE8,main
3717,55,ST42,support
3718,135,SP17,main
3719,40,GB3,support
3720,468,SI1,support
3721,52,GB1,main
3722,212,ST7,support
3723,492,GV12,main
3724,108,CV15,support
3725,193,BL36,support
3726,414,SP7,main
3727,153,LU6,main
3728,338,GB40,main
3729,61,BL51,support
3730,248,GV6,main
3731,82,GB17,support
3732,475,ST32,main
3733,311,LI5,main
3734,266,GB12,main
3735,111,BL62,main
3736,461,SI6,main
3737,168,ST40,main
3738,43,CV18,main
3739,138,BL16,support
3740,103,ST17,support
3741,363,GB32,support
3742,240,GB3,support
3743,263,KI13,main
3744,129,SP13,main
3745,352,BL19,support
3746,53,LR4,support
3747,85,HT9,support
3748,222,TE1,support
3749,306,BL15,support
3750,319,ST25,support
3751,220,HT6,support
3752,192,GV15,main
3753,231,SP10,main
3754,491,GB11,support
3755,301,KI18,support
3756,310,GV22,support
3757,204,LI5,main
3758,93,BL41,support
3759,405,SP20,support
3760,126,ST7,main
3761,337,BL66,support
3762,75,BL36,main
3763,5,BL39,main
3764,368,BL44,main
3765,239,GB40,support
3766,461,SI14,main
3767,198,BL21,main
3768,270,SI6,main
3769,288,BL18,main
3770,294,GV22,support
3771,350,PC4,support
3772,417,BL39,main
3773,101,LI15,support
3774,256,LI13,support
3775,216,ST31,main
3776,232,SP12,support
3777,303,KI5,main
3778,296,LU11,support
3779,10,GV21,main
3780,467,TE9,support
3781,68,KI15,main
3782,459,GB23,main
3783,173,GV22,main
3784,36,TE13,main
3785,425,KI21,support
3786,141,BL38,support
3787,205,ST10,support
3788,253,GV5,main
3789,202,BL28,support
3790,253,GV20,main
3791,432,BL67,main
3792,15,SI9,main
3793,423,LU6,main
3794,54,BL41,support
3795,116,SP12,main
3796,98,BL64,main
3797,479,CV16,main
3798,133,LI12,main
3799,25,BL31,main
3800,136,BL44,support
3801,139,CV21,main
3802,474,ST40,support
3803,62,ST34,support
3804,442,ST45,support
3805,327,TE1,main
3806,268,GB20,main
3807,296,TE17,support
3808,500,BL19,support
3809,396,TE20,main
3810,48,BL11,support
3811,365,ST12,support
3812,286,SI19,main
3813,356,ST9,main
3814,498,GB3,main
3815,109,LU7,main
3816,240,KI6,main
3817,250,ST23,support
3818,107,LR8,support
3819,390,BL35,support
3820,336,SP3,main
3821,469,ST36,main
3822,470,BL62,support
3823,500,TE4,main
3824,400,KI13,main
3825,36,BL18,support
3826,85,CV15,support
3827,488,LR1,main
3828,76,TE9,main
3829,382,ST26,main
3830,9,TE8,main
3831,137,LI4,support
3832,339,GB21,support
3833,181,BL11,main
3834,475,GB31,main
3835,182,PC2,main
3836,78,KI12,support
3837,261,BL46,main
3838,226,BL15,support
3839,51,LI15,support
3840,375,KI25,main
3841,151,SP21,support
3842,91,LR10,support
3843,272,GV3,support
3844,266,PC3,main
3845,349,LI15,main
3846,491,ST26,main
3847,59,LI17,main
3848,295,BL12,main
3849,34,GB22,main
3850,142,SI10,support
3851,201,KI10,main
3852,113,CV18,support
3853,254,HT9,main
3854,403,HT8,support
3855,327,BL23,support
3856,376,LU2,main
3857,95,GB7,support
3858,379,BL32,main
3859,88,BL37,main
3860,86,SP20,support
3861,461,TE6,main
3862,493,LU7,support
3863,220,BL47,main
3864,91,BL11,main
3865,88,CV11,main
3866,305,BL56,support
3867,299,LU1,support
3868,448,BL2,support
3869,57,LI13,main
3870,291,CV12,support
3871,428,SI11,main
3872,387,ST45,main
3873,52,BL31,support
3874,232,GB1,support
3875,280,BL7,support
3876,130,BL62,support
3877,7,BL56,support
3878,364,BL46,support
3879,58,BL14,main
3880,76,KI19,main
3881,338,ST42,support
3882,255,LI5,main
3883,296,CV20,support
3884,185,HT9,main
3885,100,KI2,main
3886,495,BL16,support
3887,491,GB19,main
3888,136,CV11,support
3889,455,BL45,support
3890,302,KI22,support
3891,159,HT1,main
3892,297,GB16,support
3893,428,GV5,main
3894,222,TE5,support
3895,148,ST26,main
3896,256,CV14,main
3897,239,CV12,main
3898,268,BL24,main
3899,156,TE22,support
3900,34,BL26,main
3901,233,LI10,main
3902,145,LR9,main
3903,28,TE23,support
3904,3,PC2,support
3905,339,LU1,main
3906,129,ST40,support
3907,450,BL21,main
3908,489,ST14,support
3909,74,HT4,support
3910,300,ST11,support
3911,113,LI6,support
3912,478,BL57,main
3913,416,CV11,support
3914,217,KI13,main
3915,458,BL9,support
3916,306,BL35,main
3917,289,PC5,support
3918,412,LR2,main
3919,350,HT6,support
3920,70,KI22,main
3921,155,BL32,main
3922,153,GB40,support
3923,280,SP18,support
3924,401,PC5,main
3925,71,GB19,support
3926,356,BL36,support
3927,240,BL57,support
3928,239,KI24,support
3929,237,LI4,main
3930,491,KI24,main
3931,387,ST41,support
3932,403,SI19,support
3933,66,GV9,support
3934,28,KI10,main
3935,207,CV7,main
3936,237,GB15,support
3937,430,LI17,main
3938,29,BL14,main
3939,171,LR10,main
3940,421,BL24,support
3941,354,BL45,main
3942,63,LR5,main
3943,360,HT8,main
3944,288,GB3,main
3945,115,CV9,main
3946,155,GV13,support
3947,369,LU4,support
3948,320,CV16,main
3949,59,ST4,main
3950,79,GV1,main
3951,267,ST19,main
3952,105,ST23,support
3953,13,GB8,support
3954,201,LI18,main
3955,154,KI16,support
3956,95,SI15,support
3957,421,GV5,support
3958,440,GV28,main
3959,222,ST44,main
3960,95,ST42,main
3961,88,GB11,main
3962,244,TE18,support
3963,149,CV5,main
3964,492,LR7,support
3965,189,CV5,support
3966,201,KI6,main
3967,238,KI22,support
3968,76,LI4,support
3969,235,ST31,support
3970,6,LR3,support
3971,18,GV22,support
3972,22,BL57,main
3973,240,TE7,support
3974,5,SP6,support
3975,257,GB7,main
3976,179,GB18,support
3977,263,ST2,main
3978,336,SP2,support
3979,336,GB38,support
3980,236,ST41,support
3981,402,CV1,support
3982,473,KI10,main
3983,470,GV22,support
3984,193,TE14,main
3985,295,GB9,support
3986,67,CV21,support
3987,302,LR3,support
3988,300,GV8,support
3989,35,LI13,main
3990,437,SP6,main
3991,50,CV4,main
3992,256,CV11,support
3993,166,SI13,main
3994,54,SP14,support
3995,387,KI24,main
3996,32,GV5,support
3997,59,LI9,main
3998,227,BL67,main
3999,473,SP14,support
4000,56,CV21,support
4001,194,ST38,main
4002,101,BL5,support
4003,225,CV11,support
4004,116,HT7,main
4005,223,GB20,main
4006,45,LR4,main
4007,323,CV6,main
4008,105,LI7,main
4009,458,LU3,support
4010,397,KI17,main
4011,175,SP19,support
4012,98,SI1,support
4013,257,BL56,support
4014,317,GB36,main
4015,411,ST4,support
4016,219,GV12,support
4017,448,ST6,main
4018,66,GB14,support
4019,52,ST30,support
4020,119,LI16,support
4021,12,SI9,support
4022,473,BL4,support
4023,361,BL59,main
4024,447,SP5,support
4025,39,GB23,main
4026,437,GB15,support
4027,205,GV8,main
4028,280,CV21,main
4029,299,TE14,support
4030,335,LI5,main
4031,174,KI24,support
4032,103,BL47,main
4033,72,HT8,support
4034,474,CV3,main
4035,121,GB2,main
4036,413,GB38,main
4037,178,ST6,support
4038,307,GV5,main
4039,455,GB32,support
4040,485,ST36,support
4041,371,LI11,main
4042,19,GB4,main
4043,333,BL55,support
4044,245,BL31,main
4045,11,LI18,main
4046,397,HT4,support
4047,350,CV14,main
4048,283,TE19,main
4049,199,KI2,main
4050,221,CV23,support
4051,282,ST40,main
4052,225,ST30,support
4053,181,HT3,support
4054,224,LI19,main
4055,119,ST17,main
4056,117,KI20,main
4057,411,LU8,main
4058,417,LI19,main
4059,30,ST34,support
4060,93,BL20,main
4061,161,BL55,main
4062,150,ST36,support
4063,246,GV28,main
4064,337,ST9,main
4065,129,GB28,main
4066,254,BL58,main
4067,228,BL30,support
4068,400,GB32,support
4069,445,GV26,main
4070,270,BL12,support
4071,358,GB27,main
4072,28,BL53,support
4073,362,GV10,support
4074,144,ST10,main
4075,467,ST40,main
4076,157,GB33,main
4077,63,BL66,main
4078,19,SI15,support
4079,333,TE5,main
4080,11,GB5,main
4081,139,BL18,support
4082,154,ST13,main
4083,143,GV4,support
4084,254,LU10,support
4085,197,PC9,main
4086,115,HT9,support
4087,95,CV1,support
4088,273,LI16,support
4089,17,GB27,support
4090,480,LI3,support
4091,473,BL10,main
4092,388,LI4,support
4093,372,GV10,support
4094,444,KI27,main
4095,414,ST25,support
4096,488,CV11,support
4097,440,GB23,support
4098,218,GB43,support
4099,84,KI4,support
4100,382,SI16,main
4101,465,LU8,support
4102,410,CV13,support
4103,44,BL3,support
4104,173,GB42,support
4105,20,GV7,support
4106,186,BL13,support
4107,401,GV26,main
4108,64,BL33,support
4109,429,BL11,main
4110,228,TE9,main
4111,226,LU5,support
4112,19,BL59,support
4113,327,GB34,main
4114,210,LI19,main
4115,142,GV4,support
4116,489,ST2,support
4117,93,BL8,support
4118,133,GB3,main
4119,117,GV14,main
4120,76,GV8,main
4121,120,ST28,main
4122,95,CV14,support
4123,297,BL38,main
4124,284,SI11,main
4125,488,BL8,support
4126,9,CV11,support
4127,277,LI12,main
4128,180,ST25,main
4129,260,PC9,main
4130,262,ST9,main
4131,105,BL42,support
4132,425,CV12,support
4133,37,GV20,support
4134,449,BL20,main
4135,13,BL43,support
4136,172,KI17,support
4137,241,BL26,main
4138,83,BL64,main
4139,149,SP1,main
4140,55,GV3,main
4141,414,BL36,support
4142,482,SI5,support
4143,426,LR4,main
4144,337,SP1,support
4145,391,GV24,main
4146,490,ST9,main
4147,290,GB7,support
4148,276,ST32,main
4149,311,TE14,support
4150,163,BL13,main
4151,429,GB44,support
4152,467,SI19,support
4153,125,BL61,main
4154,234,BL37,main
4155,355,SI18,support
4156,376,KI18,support
4157,41,BL56,main
4158,469,BL61,support
4159,310,SI12,support
4160,403,KI23,main
4161,292,ST34,main
4162,398,KI17,main
4163,311,BL9,support
4164,175,BL36,main
4165,42,KI18,support
4166,259,ST45,support
4167,324,HT5,main
4168,449,TE5,main
4169,86,ST31,support
4170,135,GB33,support
4171,381,ST21,main
4172,446,LI7,support
4173,13,CV17,main
4174,38,ST37,support
4175,463,KI25,support
4176,66,KI14,main
4177,365,BL26,main
4178,173,BL48,main
4179,370,LI13,main
4180,379,BL57,support
4181,467,KI18,support
4182,380,PC5,support
4183,388,TE17,main
4184,376,SP18,main
4185,78,LU4,support
4186,346,GV24,support
4187,195,BL40,support
4188,91,GB10,support
4189,484,ST19,main
4190,153,GB2,support
4191,25,GB38,support
4192,147,BL41,support
4193,164,SP16,main
4194,22,SI2,support
4195,266,BL18,support
4196,51,BL53,support
4197,85,ST30,support
4198,141,TE22,support
4199,115,SP11,support
4200,481,BL8,main
4201,474,SI13,support
4202,73,ST19,main
4203,283,GB10,main
4204,15,LR12,main
4205,492,GB26,main
4206,4,TE23,main
4207,190,HT8,support
4208,483,GB42,support
4209,375,PC9,main
4210,426,TE5,support
4211,471,ST26,main
4212,228,PC3,support
4213,135,ST14,main
4214,143,CV6,main
4215,496,BL57,main
4216,382,SI8,main
4217,168,SP5,support
4218,142,TE5,main
4219,362,CV16,support
4220,457,LI9,support
4221,52,GB16,support
4222,98,GB35,main
4223,486,GV16,main
4224,126,ST40,support
4225,447,SI7,main
4226,136,TE13,main
4227,249,SP20,support
4228,145,ST37,main
4229,326,ST15,main
4230,2,PC4,main
4231,252,GB35,main
4232,364,SP16,main
4233,215,CV16,support
4234,315,KI3,main
4235,327,BL54,support
4236,272,GV28,main
4237,450,BL29,main
4238,449,BL25,support
4239,251,GV14,support
4240,307,BL58,support
4241,152,ST19,main
4242,58,BL23,support
4243,497,TE1,support
4244,127,CV3,support
4245,60,SP15,support
4246,490,BL39,main
4247,178,CV20,support
4248,361,ST35,support
4249,431,TE23,support
4250,352,SI15,main
4251,149,BL13,main
4252,456,KI18,main
4253,288,BL41,support
4254,346,BL38,support
4255,201,PC8,support
4256,205,BL9,main
4257,138,TE21,main
4258,174,GV17,main
4259,158,TE2,support
4260,114,GB43,main
4261,275,HT9,main
4262,486,GV6,support
4263,67,GV1,main
4264,487,LU11,support
4265,47,CV24,support
4266,468,BL56,main
4267,336,LI15,main
4268,186,GB24,main
4269,81,GB24,support
4270,441,SI12,support
4271,411,SP7,support
4272,170,KI20,main
4273,284,BL3,main
4274,19,LU11,main
4275,257,KI12,support
4276,22,SP5,support
4277,155,LI2,main
4278,324,CV16,main
4279,18,BL15,main
4280,417,KI2,support
4281,68,BL14,main
4282,40,ST7,support
4283,11,LU8,main
4284,49,LR7,support
4285,100,GV2,support
4286,402,BL41,support
4287,263,LI1,support
4288,141,TE7,main
4289,52,BL11,support
4290,193,BL25,support
4291,48,SI8,support
4292,288,BL18,support
4293,146,CV23,main
4294,196,LU9,support
4295,373,KI10,support
4296,391,GB29,main
4297,232,SI9,main
4298,204,SI13,support
4299,190,TE17,main
4300,330,BL35,support
4301,74,GV14,main
4302,49,GB37,main
4303,107,TE23,main
4304,43,ST42,support
4305,316,TE15,main
4306,31,GB2,support
4307,211,BL35,support
4308,428,SP2,main
4309,165,CV16,support
4310,447,LU3,support
4311,354,SI2,support
4312,280,GB5,support
4313,492,GV25,main
4314,165,TE9,support
4315,264,GB34,main
4316,472,ST23,support
4317,359,ST9,support
4318,66,LU7,main
4319,267,ST32,main
4320,102,PC6,main
4321,20,KI26,support
4322,88,GV12,support
4323,72,GB30,support
4324,205,LU5,support
4325,61,PC4,support
4326,369,CV10,support
4327,268,BL41,support
4328,289,GV24,main
4329,73,BL24,main
4330,412,GV6,support
4331,266,GV1,support
4332,242,TE9,main
4333,480,BL45,main
4334,85,GB18,support
4335,6,BL38,support
4336,92,SP1,support
4337,35,LU3,support
4338,360,SP21,main
4339,356,ST18,support
4340,170,ST18,main
4341,320,TE12,main
4342,35,BL55,main
4343,177,GV13,main
4344,476,HT2,support
4345,146,KI27,support
4346,189,GV11,support
4347,479,BL6,main
4348,40,LR9,main
4349,53,SI5,support
4350,92,BL10,main
4351,65,GB17,support
4352,170,GB44,support
4353,495,GV7,support
4354,108,SP11,main
4355,402,SI13,main
4356,47,GV6,main
4357,74,SP9,support
4358,448,LU1,support
4359,40,LI16,main
4360,262,PC7,support
4361,341,TE14,support
4362,155,GB6,main
4363,124,GB36,support
4364,194,KI6,support
4365,182,BL35,support
4366,272,ST10,main
4367,490,SP10,support
4368,365,ST43,support
4369,287,PC8,support
4370,356,BL4,main
4371,286,PC4,support
4372,92,LI2,support
4373,438,TE11,support
4374,373,KI26,main
4375,316,GB36,main
4376,196,BL67,main
4377,478,LU6,main
4378,227,BL60,main
4379,3,LR6,support
4380,169,ST18,support
4381,469,BL5,main
4382,311,BL15,main
4383,332,BL16,support
4384,204,LI12,support
4385,141,GV12,main
4386,498,GB42,main
4387,442,TE14,support
4388,252,SP13,support
4389,384,GV23,main
4390,20,BL65,main
4391,314,SP3,main
4392,446,ST37,main
4393,215,ST31,main
4394,228,GV18,main
4395,161,ST19,support
4396,437,HT3,main
4397,171,CV8,support
4398,460,SP11,support
4399,265,LU8,support
4400,214,CV5,main
4401,34,HT2,main
4402,374,BL12,main
4403,89,PC9,main
4404,142,GV3,main
4405,353,GB8,support
4406,89,GV17,main
4407,160,BL16,support
4408,61,BL50,support
4409,291,CV20,main
4410,290,TE10,main
4411,60,ST16,main
4412,374,ST14,main
4413,163,LR8,main
4414,393,SP11,main
4415,112,GV18,support
4416,236,ST11,main
4417,158,CV12,main
4418,383,ST37,support
4419,28,KI3,support
4420,92,BL18,main
4421,290,BL37,support
4422,116,SP21,support
4423,453,HT6,main
4424,152,BL8,support
4425,136,ST17,support
4426,182,LR2,support
4427,179,GV20,support
4428,425,GV15,main
4429,19,LR5,support
4430,80,GB25,main
4431,360,PC4,support
4432,331,CV13,support
4433,107,BL51,support
4434,47,GB12,main
4435,133,SI6,support
4436,134,LI6,main
4437,265,CV1,main
4438,244,ST41,support
4439,301,BL41,support
4440,289,KI2,main
4441,166,CV23,main
4442,323,BL59,main
4443,82,KI24,support
4444,172,BL48,main
4445,96,BL59,support
4446,84,TE12,main
4447,386,LI1,support
4448,415,GV7,support
4449,304,GB44,support
4450,375,KI13,support
4451,428,SI19,support
4452,371,BL67,support
4453,248,CV11,support
4454,154,LI10,main
4455,391,GB9,main
4456,216,KI27,support
4457,489,LR1,support
4458,304,LI4,main
4459,263,SP10,support
4460,454,LR11,main
4461,488,GB40,main
4462,67,CV3,support
4463,404,LI17,main
4464,159,ST42,support
4465,235,KI11,main
4466,236,LU1,main
4467,103,SP13,support
4468,158,ST11,main
4469,121,HT8,support
4470,47,BL1,main
4471,351,GB34,support
4472,3,TE17,main
4473,177,ST21,support
4474,282,CV15,support
4475,358,SI3,support
4476,343,KI1,support
4477,362,SI19,main
4478,199,ST35,support
4479,391,ST38,support
4480,396,BL43,support
4481,420,CV9,support
4482,306,KI10,main
4483,178,TE23,main
4484,114,GV3,main
4485,394,SI15,support
4486,186,BL50,main
4487,313,LR12,support
4488,469,ST9,main
4489,71,GB5,main
4490,23,SI3,support
4491,223,ST17,support
4492,197,GV26,main
4493,218,SP2,support
4494,160,KI7,support
4495,18,BL9,support
4496,92,SP8,support
4497,350,GB14,main
4498,239,ST12,support
4499,352,ST21,support
4500,412,LU7,main
4501,164,ST35,support
4502,352,TE5,main
4503,249,GV26,support
4504,217,LI17,support
4505,218,BL8,main
4506,310,TE3,support
4507,400,TE15,support
4508,433,GB23,support
4509,58,SP16,support
4510,273,KI5,main
4511,77,LU4,support
4512,486,LR8,support
4513,102,GB13,support
4514,223,LI14,support
4515,145,LI10,main
4516,445,TE23,support
4517,188,LI15,support
4518,130,KI26,support
4519,346,BL27,main
4520,278,BL12,main
4521,151,BL58,support
4522,9,TE1,support
4523,153,GV17,main
4524,306,ST27,support
4525,375,LI8,support
4526,128,SP14,main
4527,274,ST18,main
4528,373,ST44,support
4529,221,BL16,support
4530,498,TE7,main
4531,471,GB18,support
4532,21,ST9,support
4533,191,LI9,main
4534,312,GV18,main
4535,196,GB12,main
4536,173,GV18,support
4537,217,KI14,main
4538,95,BL7,main
4539,429,PC3,main
4540,407,HT2,support
4541,156,GV7,main
4542,356,LI15,support
4543,294,TE15,main
4544,390,PC5,support
4545,383,CV16,main
4546,142,GB6,main
4547,310,KI13,main
4548,348,BL21,support
4549,3,KI17,main
4550,10,KI21,main
4551,141,BL12,support
4552,307,GV17,support
4553,50,SI8,main
4554,10,BL42,main
4555,33,GV5,support
4556,373,GV3,support
4557,302,KI24,support
4558,278,KI8,support
4559,477,GB35,main
4560,176,BL50,support
4561,178,PC9,main
4562,237,GB5,main
4563,273,CV21,main
4564,345,KI8,support
4565,207,LI6,main
4566,324,TE22,support
4567,43,SI1,support
4568,156,BL25,support
4569,232,CV9,support
4570,16,SP4,main
4571,320,BL56,support
4572,213,LI1,support
4573,285,GB1,main
4574,193,GB25,main
4575,194,GV2,main
4576,50,KI11,main
4577,109,ST26,support
4578,92,SP6,support
4579,282,KI18,support
4580,385,SI6,support
4581,462,LR12,support
4582,164,BL61,main
4583,341,CV15,support
4584,258,GB24,support
4585,116,KI15,support
4586,388,TE10,support
4587,423,TE3,main
4588,474,SP15,support
4589,148,LU2,support
4590,391,TE10,main
4591,350,ST20,support
4592,298,GV26,support
4593,499,KI23,support
4594,97,GV17,main
4595,317,SI9,main
4596,313,GV9,main
4597,307,GB42,support
4598,485,LI1,support
4599,313,BL3,main
4600,292,GV12,support
4601,351,ST16,support
4602,12,LR13,support
4603,283,GB11,main
4604,436,SP7,support
4605,189,SI17,main
4606,242,HT6,support
4607,68,BL26,main
4608,458,LI5,main
4609,296,TE9,support
4610,126,CV14,support
4611,124,SP15,support
4612,257,GV20,main
4613,412,GV1,support
4614,447,SP6,main
4615,237,ST5,main
4616,384,LI6,support
4617,444,GB16,support
4618,442,KI6,main
4619,401,KI22,support
4620,453,GB25,main
4621,367,GV2,main
4622,225,TE19,main
4623,150,KI12,main
4624,187,KI13,support
4625,220,ST33,main
4626,75,BL10,main
4627,370,SP11,support
4628,212,GV28,support
4629,73,SI19,support
4630,108,BL11,main
4631,169,GV20,main
4632,235,GB1,main
4633,388,BL9,support
4634,152,CV16,support
4635,170,TE3,support
4636,291,BL16,main
4637,390,ST41,main
4638,268,BL23,main
4639,114,BL65,support
4640,366,BL25,support
4641,484,SP6,support
4642,244,PC7,support
4643,80,CV19,main
4644,76,GV3,support
4645,440,KI5,support
4646,327,SI11,main
4647,436,SI3,support
4648,76,LR5,main
4649,133,BL62,support
4650,245,GV8,main
4651,498,BL52,main
4652,301,GB6,support
4653,268,BL67,support
4654,444,TE21,main
4655,446,GB18,support
4656,90,TE20,support
4657,8,CV6,main
4658,176,SI10,support
4659,106,SI9,main
4660,143,GV3,main
4661,333,HT4,support
4662,256,TE8,main
4663,431,GB18,main
4664,380,HT7,support
4665,341,LI6,support
4666,321,ST20,support
4667,260,ST4,support
4668,284,GB23,main
4669,497,LI18,support
4670,291,GB17,main
4671,126,BL7,main
4672,354,GV25,main
4673,117,CV17,support
4674,91,LI10,support
4675,283,BL18,main
4676,381,HT1,main
4677,464,ST37,support
4678,32,SI1,main
4679,125,LR5,support
4680,238,ST20,main
4681,164,GV16,main
4682,101,TE17,main
4683,227,ST12,support
4684,102,ST21,main
4685,307,TE22,support
4686,292,LU5,support
4687,441,ST27,support
4688,399,GV21,main
4689,302,GV17,support
4690,1,BL4,support
4691,308,BL14,support
4692,324,SP15,support
4693,260,TE20,support
4694,488,GV22,support
4695,136,GB22,main
4696,175,BL16,support
4697,321,PC7,main
4698,388,SP18,support
4699,4,BL39,support
4700,254,SP8,main
4701,34,PC3,support
4702,49,PC8,support
4703,327,CV15,main
4704,100,ST25,main
4705,110,BL33,support
4706,164,GB21,support
4707,53,CV14,support
4708,475,GV4,main
4709,293,CV8,main
4710,166,SP5,main
4711,393,KI11,main
4712,437,SP5,main
4713,167,GB14,support
4714,335,LR10,support
4715,400,BL13,main
4716,478,BL10,support
4717,479,BL31,support
4718,75,BL32,support
4719,373,BL57,support
4720,231,BL33,support
4721,289,KI10,support
4722,3,KI15,main
4723,496,KI18,support
4724,331,ST41,support
4725,393,BL16,main
4726,420,CV24,main
4727,107,CV2,support
4728,151,BL67,main
4729,165,KI27,support
4730,167,GB35,main
4731,409,SI5,support
4732,439,BL16,main
4733,39,SI19,main
4734,167,TE18,support
4735,488,LI13,support
4736,353,TE22,main
4737,144,GV2,support
4738,31,ST21,main
4739,328,BL51,support
4740,276,BL65,support
4741,473,BL21,main
4742,242,ST38,main
4743,167,KI20,main
4744,448,SP2,support
4745,294,HT6,main
4746,225,BL1,support
4747,294,GB29,support
4748,286,GB21,support
4749,354,LI1,main
4750,396,ST4,support
4751,491,BL60,support
4752,383,SI4,main
4753,165,TE12,main
4754,236,BL61,support
4755,102,CV10,support
4756,131,GV1,main
4757,72,ST31,support
4758,219,KI11,support
4759,409,LI14,main
4760,468,GB12,support
4761,9,GB39,support
4762,17,GB8,support
4763,405,GB25,support
4764,145,GB44,support
4765,325,ST4,main
4766,290,ST17,main
4767,273,SP6,main
4768,294,TE12,main
4769,385,ST7,support
4770,419,BL17,support
4771,232,SP2,support
4772,38,SP18,support
4773,233,GB20,support
4774,456,LU11,support
4775,295,BL26,main
4776,320,KI8,main
4777,5,SI10,support
4778,219,SP2,support
4779,439,SI9,support
4780,273,TE7,main
4781,395,GB44,support
4782,458,LR1,main
4783,97,ST45,main
4784,158,SP17,main
4785,14,GB23,main
4786,400,ST35,support
4787,489,ST5,support
4788,446,BL37,main
4789,337,SI1,main
4790,156,SP8,support
4791,139,SI14,main
4792,396,BL57,main
4793,71,PC7,main
4794,428,KI1,main
4795,228,SI1,support
4796,26,TE1,support
4797,205,HT5,main
4798,395,KI3,main
4799,48,SP14,main
4800,84,SI2,main
4801,482,TE23,support
4802,384,BL38,support
4803,98,SI2,main
4804,410,GB9,support
4805,245,BL6,main
4806,484,TE6,main
4807,4,KI3,support
4808,205,ST21,support
4809,185,BL34,main
4810,223,GV25,support
4811,118,CV23,main
4812,334,GV21,support
4813,449,TE14,main
4814,488,BL16,support
4815,24,ST42,main
4816,91,GB39,main
4817,66,GB15,main
4818,72,CV19,support
4819,391,LI9,main
4820,306,SI2,support
4821,191,GV8,support
4822,422,SP5,support
4823,89,SP14,main
4824,380,CV6,main
4825,187,ST26,main
4826,16,GB4,main
4827,157,KI15,support
4828,466,BL11,support
4829,15,LI3,support
4830,15,TE13,main
4831,377,ST43,support
4832,24,GB26,support
4833,391,LR12,main
4834,81,ST21,main
4835,179,SI9,main
4836,215,ST3,main
4837,496,TE16,support
4838,213,GB24,support
4839,69,LR14,main
4840,160,TE16,support
4841,461,BL7,main
4842,166,GV28,support
4843,490,GV6,main
4844,245,GB2,main
4845,65,SI7,main
4846,413,ST43,main
4847,338,ST12,main
4848,368,KI15,support
4849,455,GV6,main
4850,128,SI10,support
4851,95,CV1,support
4852,169,TE9,support
4853,390,ST37,support
4854,217,BL67,main
4855,297,LI7,support
4856,324,LI14,main
4857,94,LU8,main
4858,325,LI7,main
4859,83,KI12,support
4860,6,GB42,support
4861,248,BL52,main
4862,322,LR1,support
4863,232,SI4,support
4864,319,BL10,support
4865,61,BL19,support
4866,173,SP20,support
4867,175,TE22,support
4868,340,ST19,support
4869,391,GB15,support
4870,33,BL63,support
4871,329,LI3,main
4872,49,SI11,support
4873,425,ST26,main
4874,282,BL27,main
4875,448,BL53,support
4876,232,PC5,main
4877,495,GB8,main
4878,204,GB11,main
4879,73,CV12,main
4880,398,LU9,main
4881,376,BL57,main
4882,289,GB21,main
4883,410,GB22,support
4884,277,SI12,main
4885,192,SP6,main
4886,349,SP9,main
4887,432,SP2,support
4888,440,HT7,support
4889,26,KI14,support
4890,200,GB17,support
4891,458,TE16,support
4892,165,ST39,support
4893,1,ST8,support
4894,363,GB34,support
4895,107,GV5,main
4896,31,KI19,main
4897,74,TE19,main
4898,392,SI19,support
4899,403,SP6,support
4900,201,LR8,main
4901,128,BL55,main
4902,116,BL17,main
4903,458,KI14,main
4904,372,LR5,main
4905,106,PC9,main
4906,345,BL17,support
4907,6,GV18,main
4908,267,BL35,main
4909,396,GV13,support
4910,119,CV2,support
4911,153,ST33,support
4912,79,ST6,support
4913,449,BL15,main
4914,196,BL6,main
4915,321,TE11,support
4916,300,SP11,support
4917,389,BL25,main
4918,268,ST22,main
4919,375,LR14,support
4920,124,CV4,support
4921,429,CV23,support
4922,216,LI19,main
4923,443,BL19,support
4924,464,BL4,support
4925,215,CV5,support
4926,183,ST12,main
4927,52,TE21,main
4928,300,GB3,main
4929,303,PC4,support
4930,54,TE22,support
4931,311,GB15,support
4932,22,LR14,main
4933,303,GV21,main
4934,295,ST18,main
4935,495,SI17,support
4936,298,CV8,support
4937,418,KI10,main
4938,178,GV23,support
4939,437,TE8,main
4940,482,KI13,support
4941,343,LI3,main
4942,291,SP17,main
4943,323,BL44,main
4944,150,KI20,main
4945,374,TE6,support
4946,184,CV13,support
4947,181,BL3,support
4948,229,LI14,support
4949,235,CV21,support
4950,394,SP7,main
4951,286,GB30,support
4952,380,KI14,support
4953,400,SP13,support
4954,439,ST15,support
4955,181,GV7,main
4956,163,BL32,main
4957,469,ST16,support
4958,161,GV10,support
4959,328,SP20,support
4960,104,BL11,support
4961,180,BL48,support
4962,459,BL61,main
4963,492,SP11,support
4964,9,ST27,main
4965,298,BL34,support
4966,388,GB36,main
4967,204,GV8,main
4968,102,ST17,main
4969,365,LR12,support
4970,437,BL10,main
4971,367,BL50,support
4972,204,ST38,support
4973,54,BL26,main
4974,166,SI10,support
4975,423,LI10,main
4976,281,SP4,support
4977,14,GB3,main
4978,427,CV19,main
4979,126,SI10,support
4980,332,SI5,main
4981,7,BL27,main
4982,494,LU11,support
4983,430,PC6,support
4984,285,GB32,main
4985,212,SP20,support
4986,322,GB44,support
4987,383,BL9,support
4988,412,BL10,support
4989,190,BL62,main
4990,164,GB26,support
4991,40,CV18,main
4992,165,CV23,main
4993,408,GB25,main
4994,50,GB9,support
4995,275,BL36,main
4996,414,GV1,main
4997,369,BL54,main
4998,239,BL13,main
4999,236,GV8,support
5000,255,LR8,support
