protocol_id,disease_id,main_points,support_points,method,duration
1,287,ST3|SP12|LI1,GB36|TE2,acupuncture,20min
2,33,GV24|LI19|BL53,TE17|ST45,acupuncture,20min
3,130,CV13|BL57|ST3,BL17|GB41,acupuncture,20min
4,392,LI4|LR12|GB1,PC2|CV24,acupuncture,20min
5,159,ST38|KI11|SI5,CV2|TE4,acupuncture,20min
6,120,GB25|CV20|CV9,BL31|BL45,acupuncture,20min
7,349,GB41|GB10|KI17,ST43|GB26,acupuncture,20min
8,365,LR6|BL37|LU4,GV4|LI17,acupuncture,20min
9,33,BL59|LR6|ST31,ST6|GV6,acupuncture,20min
10,308,GB21|KI20|SP7,HT3|BL3,acupuncture,20min
11,374,SP16|SP17|LI5,GV24|GB3,acupuncture,20min
12,294,ST31|BL45|ST15,ST18|KI15,acupuncture,20min
13,357,CV22|CV14|KI7,KI17|KI4,acupuncture,20min
14,160,TE15|ST40|BL51,SP18|ST19,acupuncture,20min
15,47,BL57|SP15|PC2,BL5|GB5,acupuncture,20min
16,180,SP19|BL9|KI14,HT6|SI11,acupuncture,20min
17,385,GV23|GV16|ST11,BL49|TE4,acupuncture,20min
18,32,ST18|GB18|BL7,LU11|GV2,acupuncture,20min
19,87,GB35|LI20|CV13,BL67|ST18,acupuncture,20min
20,197,LU1|GB20|LU7,LU3|BL43,acupuncture,20min
21,440,BL32|LI4|GB40,GB38|BL67,acupuncture,20min
22,256,ST5|SP13|SP21,GV17|GV9,acupuncture,20min
23,447,SP18|GB24|SI6,BL52|ST19,acupuncture,20min
24,91,CV13|SP4|LR13,BL67|GB43,acupuncture,20min
25,16,PC7|SP15|GB9,SP1|PC9,acupuncture,20min
26,479,GV10|LI9|GB25,ST31|BL35,acupuncture,20min
27,303,BL25|ST25|BL54,CV13|SP17,acupuncture,20min
28,309,GB15|SP10|ST21,GB4|HT2,acupuncture,20min
29,281,SP4|GV5|BL48,TE5|CV1,acupuncture,20min
30,34,KI8|TE2|ST29,CV6|GB33,acupuncture,20min
31,492,BL49|BL2|BL63,ST42|SI17,acupuncture,20min
32,31,GB1|SP21|KI15,LI11|BL59,acupuncture,20min
33,47,TE18|CV1|LR8,ST20|GB16,acupuncture,20min
34,295,CV3|GV27|BL40,GB19|GB38,acupuncture,20min
35,330,CV23|GB22|GB17,KI10|GB29,acupuncture,20min
36,391,HT6|BL20|BL40,ST39|TE2,acupuncture,20min
37,223,HT5|BL25|GV12,KI27|KI15,acupuncture,20min
38,54,KI2|ST12|GB1,LI2|GB1,acupuncture,20min
39,157,BL40|GB37|TE20,GV4|KI8,acupuncture,20min
40,271,GB4|BL23|CV14,CV21|LI18,acupuncture,20min
41,383,LI11|SP21|ST15,BL33|LR6,acupuncture,20min
42,379,GB42|GB27|SP13,GV20|BL36,acupuncture,20min
43,198,LI14|GB23|LI4,LI14|BL31,acupuncture,20min
44,448,SP21|BL56|GB25,LI16|CV14,acupuncture,20min
45,190,PC4|GB10|GB18,SP16|GB10,acupuncture,20min
46,235,CV12|CV21|LI12,SI4|ST20,acupuncture,20min
47,254,SP20|SI8|BL39,ST7|HT8,acupuncture,20min
48,24,HT9|GB42|GV19,GV5|LU8,acupuncture,20min
49,3,KI4|HT9|CV16,ST29|BL24,acupuncture,20min
50,424,SI18|CV1|BL45,SP15|KI8,acupuncture,20min
51,73,SI11|BL66|KI14,LI12|SP4,acupuncture,20min
52,452,LR12|BL2|GV10,CV6|BL8,acupuncture,20min
53,105,KI25|CV12|GB42,GV12|BL34,acupuncture,20min
54,213,GV26|BL15|KI18,CV17|LU6,acupuncture,20min
55,130,KI20|KI2|BL18,HT1|TE22,acupuncture,20min
56,22,LR13|LU6|GV12,CV18|KI11,acupuncture,20min
57,115,CV20|TE2|ST35,CV3|CV17,acupuncture,20min
58,462,ST6|GV18|ST28,ST29|SP6,acupuncture,20min
59,86,TE23|ST4|SP18,GB24|BL43,acupuncture,20min
60,275,BL7|CV12|CV19,KI12|BL21,acupuncture,20min
61,390,BL22|BL21|GB41,BL9|ST25,acupuncture,20min
62,434,ST31|KI11|HT7,ST14|GB34,acupuncture,20min
63,241,GB4|HT6|ST35,GB15|LI8,acupuncture,20min
64,427,TE18|ST25|ST27,SI12|LI9,acupuncture,20min
65,124,KI7|SP19|ST12,CV19|ST4,acupuncture,20min
66,227,PC5|GV7|BL65,PC6|ST43,acupuncture,20min
67,394,LR11|LI11|CV3,GB7|SP21,acupuncture,20min
68,486,SI2|BL38|LI12,GB41|LU8,acupuncture,20min
69,237,SP3|BL50|BL4,SP14|BL55,acupuncture,20min
70,79,HT6|GV21|LI18,KI9|KI3,acupuncture,20min
71,322,BL25|GB8|ST2,SI10|SP19,acupuncture,20min
72,447,HT3|BL47|GV28,PC6|LI2,acupuncture,20min
73,148,PC7|ST5|BL1,LR14|GB20,acupuncture,20min
74,30,GB35|SP7|ST43,GB30|BL38,acupuncture,20min
75,274,ST27|CV14|ST3,KI18|GB15,acupuncture,20min
76,20,LU9|GV8|SP11,BL40|BL65,acupuncture,20min
77,196,ST43|ST23|CV14,SI14|LU4,acupuncture,20min
78,62,LU2|GB38|LI19,KI7|GB40,acupuncture,20min
79,38,SI9|GV13|LI8,GB38|GB29,acupuncture,20min
80,198,LU11|GV24|TE16,GB42|GV22,acupuncture,20min
81,467,BL20|CV15|GV7,KI7|TE3,acupuncture,20min
82,177,SI16|CV13|GB1,GV5|BL4,acupuncture,20min
83,275,GV17|TE5|TE18,SP3|TE5,acupuncture,20min
84,375,BL60|SI9|ST43,BL22|GV18,acupuncture,20min
85,379,SP14|KI7|BL7,SP7|BL64,acupuncture,20min
86,236,LU11|PC3|BL29,ST43|LI11,acupuncture,20min
87,431,KI19|GB27|SI11,KI14|ST34,acupuncture,20min
88,453,GV12|BL56|SI1,KI16|KI24,acupuncture,20min
89,238,KI22|TE8|TE4,PC9|KI7,acupuncture,20min
90,69,BL62|BL48|BL42,CV4|KI13,acupuncture,20min
91,292,GB21|HT9|BL1,SI6|HT1,acupuncture,20min
92,281,HT3|CV1|GV8,BL62|TE10,acupuncture,20min
93,202,KI18|BL67|GV21,BL33|SI4,acupuncture,20min
94,232,ST42|TE13|ST25,GB27|GV25,acupuncture,20min
95,112,BL29|GV11|KI20,LI16|HT6,acupuncture,20min
96,480,BL48|GB32|SP5,CV1|KI5,acupuncture,20min
97,356,GB14|PC3|SP17,PC8|LI2,acupuncture,20min
98,140,HT9|KI6|GB40,CV5|SP13,acupuncture,20min
99,295,CV12|GB38|SP4,GV20|KI14,acupuncture,20min
100,126,HT5|SP2|KI19,BL38|TE12,acupuncture,20min
101,272,ST36|TE22|BL37,GV4|GV5,acupuncture,20min
102,44,GV13|LI8|CV10,ST19|ST3,acupuncture,20min
103,161,LU11|LU5|LI17,BL45|ST16,acupuncture,20min
104,431,BL58|HT7|SP2,SI4|BL33,acupuncture,20min
105,464,ST3|BL61|GV11,BL37|LR4,acupuncture,20min
106,149,TE1|TE16|BL49,CV24|SP14,acupuncture,20min
107,84,BL31|ST21|GB37,SP6|SP2,acupuncture,20min
108,82,KI21|ST30|GB22,GV8|KI18,acupuncture,20min
109,144,GB37|GB32|GV13,TE13|CV22,acupuncture,20min
110,466,CV17|BL3|ST28,CV3|ST45,acupuncture,20min
111,243,PC9|ST19|LI10,ST39|KI4,acupuncture,20min
112,353,KI3|TE17|SP12,LU11|LR6,acupuncture,20min
113,230,BL61|PC7|LR5,GB42|SP18,acupuncture,20min
114,454,LU11|GB1|CV7,GB40|BL52,acupuncture,20min
115,70,BL49|ST13|BL65,ST5|SP15,acupuncture,20min
116,57,GV11|BL29|CV10,KI10|SP1,acupuncture,20min
117,365,CV6|HT4|GV16,BL40|BL25,acupuncture,20min
118,319,ST12|BL57|LR14,GB3|LU9,acupuncture,20min
119,99,LR8|KI22|SP11,BL62|BL5,acupuncture,20min
120,164,GB12|BL19|GB16,LI2|TE23,acupuncture,20min
121,157,SP10|LI16|GV24,SI17|CV22,acupuncture,20min
122,140,BL10|TE2|PC3,BL48|LI10,acupuncture,20min
123,283,GV28|TE7|CV1,ST11|BL46,acupuncture,20min
124,10,LI6|ST36|GV11,LU6|GB43,acupuncture,20min
125,199,BL30|KI3|HT6,TE13|KI3,acupuncture,20min
126,193,LI8|CV19|CV8,BL14|CV20,acupuncture,20min
127,363,BL47|BL63|GB12,KI26|KI17,acupuncture,20min
128,99,BL51|ST37|BL53,BL9|GB32,acupuncture,20min
129,471,TE23|BL20|BL12,ST12|TE3,acupuncture,20min
130,459,CV7|ST13|CV5,BL39|GB10,acupuncture,20min
131,39,ST28|LI1|ST35,ST24|SI19,acupuncture,20min
132,411,SP15|BL67|ST3,SP3|GB42,acupuncture,20min
133,378,SI16|ST14|ST8,LU5|LU7,acupuncture,20min
134,321,BL50|GV8|ST6,SP4|LR4,acupuncture,20min
135,314,TE8|GV15|BL45,CV4|ST24,acupuncture,20min
136,471,ST32|LI18|CV24,ST41|HT6,acupuncture,20min
137,222,ST11|SP20|ST16,ST16|LU2,acupuncture,20min
138,199,CV15|SI14|SI2,LI15|ST10,acupuncture,20min
139,419,BL40|GV12|GB21,HT2|TE16,acupuncture,20min
140,148,HT5|GB3|GV1,SP20|TE13,acupuncture,20min
141,260,CV10|LR9|ST1,PC8|SP19,acupuncture,20min
142,74,LU4|ST10|SP15,HT5|BL10,acupuncture,20min
143,360,GB27|GB44|SP21,CV22|ST33,acupuncture,20min
144,84,ST8|SP21|SP20,BL40|SI11,acupuncture,20min
145,212,KI11|GV17|LR9,BL27|LR13,acupuncture,20min
146,129,GB9|GV19|BL22,SI6|KI27,acupuncture,20min
147,456,BL52|SI18|GB21,LU4|GV27,acupuncture,20min
148,32,CV13|BL4|BL20,SP7|ST3,acupuncture,20min
149,387,ST2|GB2|BL52,LI20|GV9,acupuncture,20min
150,382,PC2|ST10|CV9,TE1|LU7,acupuncture,20min
151,358,CV9|ST15|BL39,LR7|BL61,acupuncture,20min
152,135,CV12|GV2|CV11,ST3|GB41,acupuncture,20min
153,256,BL39|TE3|BL59,TE18|BL65,acupuncture,20min
154,117,BL29|TE23|BL36,GB29|HT1,acupuncture,20min
155,210,LR6|SP12|LI11,CV17|BL56,acupuncture,20min
156,445,TE11|TE9|BL42,KI15|TE10,acupuncture,20min
157,215,TE10|TE4|SP3,ST42|KI6,acupuncture,20min
158,77,LI2|ST41|BL38,KI4|GV15,acupuncture,20min
159,464,KI13|BL63|LU8,PC4|CV2,acupuncture,20min
160,49,SP13|SP2|LR9,SP19|SI6,acupuncture,20min
161,173,LU9|KI9|TE14,SP1|BL14,acupuncture,20min
162,156,HT5|LI1|GB4,KI9|SP6,acupuncture,20min
163,311,GB31|BL18|SI11,HT1|TE22,acupuncture,20min
164,497,GB5|PC3|PC4,SP6|TE22,acupuncture,20min
165,488,CV4|LI20|BL56,ST24|ST4,acupuncture,20min
166,121,BL41|TE17|GV3,BL24|ST42,acupuncture,20min
167,7,GB15|GB3|SI5,KI22|GB1,acupuncture,20min
168,160,BL33|GV15|SP6,BL49|GV14,acupuncture,20min
169,307,CV14|GV8|PC1,GV5|ST32,acupuncture,20min
170,414,ST36|GB21|BL20,BL50|BL67,acupuncture,20min
171,33,CV16|ST35|BL65,GB39|TE15,acupuncture,20min
172,108,LU10|TE1|BL65,KI22|BL2,acupuncture,20min
173,469,BL43|CV16|SI14,BL36|GV16,acupuncture,20min
174,407,TE16|BL19|GB34,BL50|LR1,acupuncture,20min
175,401,BL45|CV21|HT3,ST35|BL40,acupuncture,20min
176,122,GV15|GB43|SI12,LR9|GV4,acupuncture,20min
177,161,BL3|TE23|GB38,TE13|LU10,acupuncture,20min
178,165,GB11|ST18|KI5,ST45|GV11,acupuncture,20min
179,462,ST11|GB20|GB1,TE9|LR14,acupuncture,20min
180,406,BL12|ST4|TE3,KI8|HT2,acupuncture,20min
181,127,BL17|ST43|BL62,LI20|TE15,acupuncture,20min
182,423,SI9|GV16|LU2,BL43|BL58,acupuncture,20min
183,490,GV9|TE20|GB37,ST44|BL15,acupuncture,20min
184,103,BL39|TE21|BL36,GV1|GB24,acupuncture,20min
185,152,GV22|SP21|LR11,GV1|ST31,acupuncture,20min
186,128,ST1|HT3|GB18,GB8|BL20,acupuncture,20min
187,134,KI1|KI25|CV22,LU6|BL28,acupuncture,20min
188,334,HT8|ST43|BL27,LI2|LI4,acupuncture,20min
189,398,GV21|KI24|ST10,BL64|TE11,acupuncture,20min
190,81,ST45|TE1|GV12,KI4|GB34,acupuncture,20min
191,234,LR10|PC9|BL36,ST25|BL16,acupuncture,20min
192,84,BL17|HT5|GV2,TE5|BL21,acupuncture,20min
193,27,LR6|ST35|BL41,LU9|ST33,acupuncture,20min
194,162,BL43|GB32|TE17,BL64|ST42,acupuncture,20min
195,331,KI1|GB31|LI3,GV13|PC4,acupuncture,20min
196,429,BL41|KI11|SP16,BL43|GV5,acupuncture,20min
197,388,LI7|GV21|BL20,BL41|GB39,acupuncture,20min
198,255,GB41|LI10|GB11,LI18|ST37,acupuncture,20min
199,268,ST2|ST4|ST41,SP2|ST22,acupuncture,20min
200,174,SP8|SI15|ST17,BL60|BL58,acupuncture,20min
201,206,ST11|KI20|BL51,ST5|GB2,acupuncture,20min
202,405,GB29|ST1|GB18,KI22|GV20,acupuncture,20min
203,417,KI11|CV19|SP4,GB30|ST15,acupuncture,20min
204,117,SI1|TE2|SP6,ST29|BL9,acupuncture,20min
205,13,SI17|LI18|GV22,CV13|GB35,acupuncture,20min
206,22,LI16|GV21|CV21,SI10|TE18,acupuncture,20min
207,257,LI11|SI7|SI14,SP3|ST40,acupuncture,20min
208,203,BL39|BL41|KI7,GV16|CV7,acupuncture,20min
209,343,LU10|GB11|BL24,GB2|LI2,acupuncture,20min
210,103,CV20|KI21|GB31,ST4|LI10,acupuncture,20min
211,252,LR7|LI8|SI1,SI12|LR4,acupuncture,20min
212,452,LU4|BL54|CV23,ST11|LR3,acupuncture,20min
213,78,BL64|GB10|SP9,KI12|SI3,acupuncture,20min
214,137,GB24|LU4|GV13,GV10|BL20,acupuncture,20min
215,428,GB34|BL67|GB11,KI7|SP6,acupuncture,20min
216,168,HT7|GV3|BL7,BL47|HT4,acupuncture,20min
217,232,BL9|KI10|ST31,GV25|BL22,acupuncture,20min
218,263,LI4|TE1|LR14,GV25|CV7,acupuncture,20min
219,199,KI16|HT8|SP19,ST27|LI11,acupuncture,20min
220,427,ST24|HT9|HT6,GB41|BL28,acupuncture,20min
221,185,CV17|CV9|SI4,LR9|BL31,acupuncture,20min
222,291,TE10|LI17|GV23,GV12|SI12,acupuncture,20min
223,7,BL5|SI6|GB11,LI2|BL34,acupuncture,20min
224,485,SI5|SP17|BL46,HT9|GB5,acupuncture,20min
225,386,KI7|BL43|TE7,KI9|LR14,acupuncture,20min
226,147,SP9|GB1|TE18,GB37|LR11,acupuncture,20min
227,453,CV5|BL3|ST9,GV7|ST24,acupuncture,20min
228,485,LU1|LI5|GV9,LI15|LU6,acupuncture,20min
229,374,BL16|LU1|BL31,PC9|KI4,acupuncture,20min
230,111,GB40|SP6|ST19,LI17|BL64,acupuncture,20min
231,144,GV22|HT1|KI25,BL66|ST8,acupuncture,20min
232,461,KI22|GV26|LI1,BL28|LI7,acupuncture,20min
233,477,ST31|BL30|ST42,BL10|TE6,acupuncture,20min
234,451,HT8|ST31|GV17,CV13|LI5,acupuncture,20min
235,372,TE16|SP14|LU8,ST27|ST14,acupuncture,20min
236,140,SI15|TE6|LR2,CV19|GB35,acupuncture,20min
237,33,BL14|LI1|CV23,GB38|TE18,acupuncture,20min
238,348,CV18|SP3|SI5,ST3|KI12,acupuncture,20min
239,426,KI2|LI5|LI9,GB4|PC3,acupuncture,20min
240,460,TE11|KI20|SP14,LU7|LR1,acupuncture,20min
241,369,LI12|GV28|ST2,BL19|BL20,acupuncture,20min
242,140,TE18|HT7|BL12,LI2|CV7,acupuncture,20min
243,333,SP21|SI15|CV17,TE2|LU1,acupuncture,20min
244,251,LI12|GB38|PC4,GB36|CV23,acupuncture,20min
245,307,SI13|LI14|BL22,BL62|ST15,acupuncture,20min
246,192,BL64|TE6|TE14,GB28|SP8,acupuncture,20min
247,165,CV1|BL66|GB32,GB26|ST44,acupuncture,20min
248,206,GV19|BL53|KI17,SP14|LR3,acupuncture,20min
249,417,BL66|TE12|BL53,BL25|ST45,acupuncture,20min
250,185,CV8|GB3|CV9,GB27|KI17,acupuncture,20min
251,171,PC3|ST14|LR14,BL5|ST40,acupuncture,20min
252,442,BL59|GV22|TE11,TE3|GB26,acupuncture,20min
253,471,CV12|SP9|LI11,BL51|GB9,acupuncture,20min
254,324,GV12|ST44|LR12,BL50|GB26,acupuncture,20min
255,203,SP6|GB43|ST41,HT9|CV18,acupuncture,20min
256,22,ST11|KI23|ST27,GB6|GB28,acupuncture,20min
257,479,GB16|ST23|GB44,LU3|BL6,acupuncture,20min
258,364,GB31|CV4|SP9,SI11|CV14,acupuncture,20min
259,281,BL47|TE23|ST29,BL42|BL67,acupuncture,20min
260,296,KI11|GB17|GV28,KI10|SI7,acupuncture,20min
261,328,BL55|KI17|CV16,ST24|SI10,acupuncture,20min
262,367,GV21|TE5|SP4,CV19|SP21,acupuncture,20min
263,469,LU1|GB8|ST25,GB3|ST43,acupuncture,20min
264,156,ST6|CV19|BL32,SI18|KI16,acupuncture,20min
265,13,SI2|GB27|GV18,ST19|HT1,acupuncture,20min
266,96,LU9|LI5|BL27,ST31|SI1,acupuncture,20min
267,487,CV12|ST6|ST4,BL5|TE4,acupuncture,20min
268,6,ST30|KI25|BL59,CV2|KI15,acupuncture,20min
269,192,CV21|LR11|BL29,BL51|KI7,acupuncture,20min
270,471,SI1|BL31|PC1,GV9|LR7,acupuncture,20min
271,348,TE17|GV17|GV6,LR9|LI11,acupuncture,20min
272,16,GB1|LI6|GB5,BL39|BL55,acupuncture,20min
273,395,BL6|CV22|TE15,KI5|GB25,acupuncture,20min
274,451,ST20|KI25|CV16,LR6|GV9,acupuncture,20min
275,20,BL55|CV14|GB1,LI3|KI3,acupuncture,20min
276,48,TE22|ST14|TE16,BL5|GB28,acupuncture,20min
277,195,ST12|BL1|GV15,ST18|TE5,acupuncture,20min
278,166,BL48|SI18|GV1,TE13|LI7,acupuncture,20min
279,315,BL34|GB32|CV24,TE4|SI5,acupuncture,20min
280,304,KI19|ST18|LU6,CV14|ST35,acupuncture,20min
281,258,CV9|LI4|GB9,PC9|ST5,acupuncture,20min
282,199,SP17|TE10|BL16,CV20|GB39,acupuncture,20min
283,61,GB24|GV26|LI14,BL5|LR5,acupuncture,20min
284,151,CV21|GB14|GB1,SP14|TE4,acupuncture,20min
285,219,SP8|LI10|BL24,LR13|BL45,acupuncture,20min
286,247,ST26|CV15|SP4,ST9|HT5,acupuncture,20min
287,464,TE21|BL3|LU3,KI7|GV26,acupuncture,20min
288,115,SP15|KI1|LI12,BL30|SP18,acupuncture,20min
289,366,BL50|CV13|LR4,GB2|SI12,acupuncture,20min
290,72,PC9|CV22|ST29,ST21|SP9,acupuncture,20min
291,255,ST37|GV1|GB38,LI2|PC6,acupuncture,20min
292,460,BL63|CV21|PC2,LU11|GB18,acupuncture,20min
293,215,CV19|BL64|GV17,GB28|ST24,acupuncture,20min
294,360,TE15|LI7|BL18,PC5|GB35,acupuncture,20min
295,450,KI25|ST4|ST3,ST14|BL10,acupuncture,20min
296,471,CV4|BL59|TE16,KI14|GB9,acupuncture,20min
297,45,SI19|ST40|ST31,LI2|SP7,acupuncture,20min
298,338,GB42|SP20|CV4,HT4|TE1,acupuncture,20min
299,35,GB29|BL67|GB35,BL10|TE17,acupuncture,20min
300,287,GV28|SP19|LR4,KI20|ST29,acupuncture,20min
301,69,LI10|SI13|HT7,ST45|BL29,acupuncture,20min
302,262,CV23|KI9|LU6,BL66|LI20,acupuncture,20min
303,300,LU7|ST27|GB18,CV4|BL12,acupuncture,20min
304,472,GB21|LU5|BL31,ST40|BL39,acupuncture,20min
305,244,SI19|TE18|SI4,SP21|CV3,acupuncture,20min
306,199,TE17|TE18|SI4,ST20|SP13,acupuncture,20min
307,75,GB33|GV16|GV13,GB27|ST6,acupuncture,20min
308,245,CV5|ST35|GB11,ST44|ST4,acupuncture,20min
309,321,GB12|ST7|GB39,SP9|BL2,acupuncture,20min
310,209,KI20|GV12|BL61,SI10|BL10,acupuncture,20min
311,15,LI20|PC3|LI11,BL40|KI11,acupuncture,20min
312,311,HT2|CV7|BL67,KI9|TE3,acupuncture,20min
313,456,SI10|ST35|TE18,GV6|GB10,acupuncture,20min
314,307,KI17|GV22|GV17,SP5|SI18,acupuncture,20min
315,308,GB16|BL23|GB4,ST8|PC3,acupuncture,20min
316,361,LI5|KI22|ST3,GB37|ST13,acupuncture,20min
317,202,ST44|GV20|LI10,BL65|BL18,acupuncture,20min
318,429,BL19|TE10|GV24,BL50|BL31,acupuncture,20min
319,262,GB24|GV1|BL43,BL33|TE13,acupuncture,20min
320,287,TE22|KI6|CV16,LR7|CV19,acupuncture,20min
321,71,CV13|GV1|LR12,CV2|GB43,acupuncture,20min
322,500,TE13|BL48|ST16,CV18|TE23,acupuncture,20min
323,33,BL51|GB22|GB14,GV7|GV15,acupuncture,20min
324,305,BL4|GV14|BL13,BL14|BL23,acupuncture,20min
325,290,GB12|SI11|BL36,BL41|SI17,acupuncture,20min
326,266,HT1|BL54|BL32,HT2|BL47,acupuncture,20min
327,218,CV10|KI19|BL18,BL11|LR12,acupuncture,20min
328,411,CV6|CV1|SP21,GV5|ST41,acupuncture,20min
329,365,CV16|BL27|HT1,CV15|BL61,acupuncture,20min
330,298,GB27|GB33|BL40,HT8|TE9,acupuncture,20min
331,127,GB16|SP13|ST30,BL25|GV18,acupuncture,20min
332,455,HT9|LR12|GV16,BL48|SP18,acupuncture,20min
333,248,GV23|GB4|BL67,BL1|KI9,acupuncture,20min
334,75,BL14|GB40|TE8,GB25|BL50,acupuncture,20min
335,495,BL6|GV2|ST6,BL5|ST33,acupuncture,20min
336,97,KI1|GB31|KI10,LU2|ST4,acupuncture,20min
337,421,BL6|GB3|TE5,GB31|LR4,acupuncture,20min
338,137,BL17|GB11|GB40,KI24|HT5,acupuncture,20min
339,56,LI16|KI27|GV13,TE23|LR10,acupuncture,20min
340,72,TE16|PC5|KI7,BL36|ST31,acupuncture,20min
341,434,SP17|ST32|BL61,LI17|LI11,acupuncture,20min
342,138,ST5|BL18|ST25,GB30|GB24,acupuncture,20min
343,21,ST35|ST19|CV15,KI25|HT8,acupuncture,20min
344,173,CV2|GB40|LI20,LU6|ST27,acupuncture,20min
345,119,GV11|BL17|BL21,PC2|SI18,acupuncture,20min
346,476,SI7|GV8|GV1,GB42|BL12,acupuncture,20min
347,284,GB32|BL57|SI16,SP2|LI1,acupuncture,20min
348,105,LR5|BL38|SI7,SP12|KI5,acupuncture,20min
349,293,GB27|GV7|LU9,SP7|ST16,acupuncture,20min
350,127,GV6|BL14|TE21,ST33|ST18,acupuncture,20min
351,85,KI17|SI8|SI18,TE8|GV4,acupuncture,20min
352,123,SP13|SI7|BL19,ST24|LU2,acupuncture,20min
353,435,CV7|BL33|PC4,LR2|LR13,acupuncture,20min
354,434,KI6|TE1|SI4,SI13|ST21,acupuncture,20min
355,379,ST11|KI18|PC9,PC8|SP1,acupuncture,20min
356,392,KI5|GV6|KI3,LI1|GB27,acupuncture,20min
357,405,BL15|HT9|CV8,GB1|PC5,acupuncture,20min
358,260,GB18|BL51|BL40,LU11|GB5,acupuncture,20min
359,191,GV7|KI7|PC8,GV2|HT9,acupuncture,20min
360,350,ST43|CV24|ST9,LR13|CV21,acupuncture,20min
361,161,KI2|SP11|KI15,SI1|SI6,acupuncture,20min
362,461,BL56|KI16|BL16,BL3|BL24,acupuncture,20min
363,352,SI13|KI3|LR13,TE13|LI2,acupuncture,20min
364,232,GB38|SI19|GV22,CV21|ST3,acupuncture,20min
365,196,LI1|KI8|GB42,BL52|BL60,acupuncture,20min
366,46,LU11|GB1|PC5,TE1|KI26,acupuncture,20min
367,188,PC5|BL6|BL54,SI12|BL13,acupuncture,20min
368,438,BL9|TE18|SP5,SP11|SI7,acupuncture,20min
369,415,LR5|GV22|GB14,LR12|GB21,acupuncture,20min
370,390,HT4|LI8|KI4,BL62|LI14,acupuncture,20min
371,357,SI12|ST16|SP6,ST17|GV7,acupuncture,20min
372,478,GB33|LI15|BL4,ST10|GB18,acupuncture,20min
373,440,BL6|TE4|SP1,BL26|ST42,acupuncture,20min
374,160,PC5|BL18|SP20,SI12|KI18,acupuncture,20min
375,318,SP10|GB16|ST4,SI13|ST17,acupuncture,20min
376,281,LI16|GB43|GV27,SP15|BL23,acupuncture,20min
377,414,TE13|KI25|SP10,SI15|LU9,acupuncture,20min
378,138,HT4|LR14|ST9,ST4|ST21,acupuncture,20min
379,390,SP16|GB23|ST33,TE9|GB33,acupuncture,20min
380,126,BL64|SP16|SP3,GB23|SP20,acupuncture,20min
381,417,LU5|BL42|SP12,BL15|GB12,acupuncture,20min
382,70,LU11|GB6|GB8,LI19|KI10,acupuncture,20min
383,124,SP10|LI14|TE13,SP4|ST37,acupuncture,20min
384,126,GV3|BL64|GB43,BL18|TE9,acupuncture,20min
385,328,TE5|SP14|ST26,BL3|SP7,acupuncture,20min
386,1,GV2|LI11|ST4,KI2|ST39,acupuncture,20min
387,387,BL23|TE8|GB20,TE23|CV10,acupuncture,20min
388,239,KI11|GB31|GB27,KI15|GB18,acupuncture,20min
389,368,GV23|GB16|BL57,GV2|LR1,acupuncture,20min
390,258,KI16|BL4|GB18,KI17|SP10,acupuncture,20min
391,308,GB5|ST34|LI8,HT9|ST7,acupuncture,20min
392,196,BL64|BL28|ST29,GV1|KI20,acupuncture,20min
393,250,KI1|BL29|BL67,LI2|BL37,acupuncture,20min
394,385,HT5|LU9|SI5,PC4|GV18,acupuncture,20min
395,407,ST45|TE3|LR8,ST41|GV24,acupuncture,20min
396,462,BL30|KI11|BL1,ST42|LU9,acupuncture,20min
397,239,SI11|PC6|BL5,TE22|KI13,acupuncture,20min
398,213,TE11|BL66|HT8,TE10|ST36,acupuncture,20min
399,152,LI16|BL1|ST44,GV19|ST21,acupuncture,20min
400,455,BL67|LI17|BL55,TE11|KI6,acupuncture,20min
401,182,GV26|PC3|ST9,LR12|BL26,acupuncture,20min
402,35,GB12|GB32|TE17,LI10|TE18,acupuncture,20min
403,85,BL56|BL45|HT3,BL34|GB9,acupuncture,20min
404,31,LU6|ST21|ST44,GB37|BL14,acupuncture,20min
405,191,LI2|GB10|SI6,GV14|GB16,acupuncture,20min
406,236,LI2|TE2|KI15,BL47|GV5,acupuncture,20min
407,27,BL53|GV10|BL43,BL21|BL64,acupuncture,20min
408,222,GB14|LR5|ST33,PC6|TE22,acupuncture,20min
409,260,GB13|LI8|CV5,GB30|GB39,acupuncture,20min
410,366,ST4|SP3|KI2,BL45|CV2,acupuncture,20min
411,391,PC7|GV17|BL12,ST43|ST42,acupuncture,20min
412,202,HT4|ST17|GV7,KI5|BL17,acupuncture,20min
413,489,SI7|LI11|LI12,BL31|LU7,acupuncture,20min
414,214,ST38|HT3|KI23,GB41|HT3,acupuncture,20min
415,470,SP2|KI27|GB30,GB40|BL6,acupuncture,20min
416,136,SI2|LU1|ST3,SP8|LI9,acupuncture,20min
417,474,TE20|ST3|SI7,TE12|SP9,acupuncture,20min
418,236,CV8|GB2|ST28,ST10|CV6,acupuncture,20min
419,296,BL51|GV7|BL66,TE13|BL8,acupuncture,20min
420,168,GB35|GB30|BL45,GV15|CV4,acupuncture,20min
421,267,GB19|SP4|CV5,CV13|LR7,acupuncture,20min
422,418,CV13|BL18|LR10,BL1|SI10,acupuncture,20min
423,482,LI1|PC4|TE20,BL15|BL44,acupuncture,20min
424,488,GB10|BL29|GB5,KI16|LI16,acupuncture,20min
425,285,LR8|BL29|BL7,ST24|ST45,acupuncture,20min
426,475,SI9|SI7|BL3,TE10|SP3,acupuncture,20min
427,212,ST20|CV21|GB27,GB8|BL61,acupuncture,20min
428,42,KI13|KI23|GB40,BL45|BL29,acupuncture,20min
429,34,SI19|SP8|GV11,TE19|CV3,acupuncture,20min
430,79,BL36|LI19|PC5,KI16|PC3,acupuncture,20min
431,61,KI21|TE15|LI5,BL46|BL65,acupuncture,20min
432,302,BL33|SI15|TE22,GB1|KI11,acupuncture,20min
433,125,SI4|KI16|PC2,SI15|BL22,acupuncture,20min
434,168,GV4|SP9|BL48,SP6|LR12,acupuncture,20min
435,43,LR9|KI1|ST12,ST21|ST12,acupuncture,20min
436,460,LU5|SP1|GB26,PC1|GB2,acupuncture,20min
437,2,ST17|CV21|GV23,SP2|LI16,acupuncture,20min
438,432,TE14|SP15|LI6,ST38|BL25,acupuncture,20min
439,342,BL63|CV11|CV15,CV22|BL58,acupuncture,20min
440,170,GB42|ST14|LI10,SP9|BL34,acupuncture,20min
441,315,ST21|LI9|LR4,ST12|LI10,acupuncture,20min
442,56,LU1|HT2|SP12,KI9|GB1,acupuncture,20min
443,37,BL12|LR9|BL25,GV7|GB19,acupuncture,20min
444,311,GV5|BL21|ST40,ST3|TE9,acupuncture,20min
445,50,BL9|SP5|GV21,CV22|GB13,acupuncture,20min
446,17,GB4|GV2|SI9,CV16|BL21,acupuncture,20min
447,243,KI10|BL49|CV4,SP8|CV19,acupuncture,20min
448,335,TE4|BL59|GB10,BL32|BL26,acupuncture,20min
449,168,KI14|KI23|SI15,BL34|CV5,acupuncture,20min
450,80,SI2|SI18|TE9,SP1|CV24,acupuncture,20min
451,76,LI8|ST10|LI20,LR6|ST30,acupuncture,20min
452,145,ST25|TE2|ST34,SP1|ST7,acupuncture,20min
453,368,BL46|CV16|BL39,LR2|SI17,acupuncture,20min
454,343,TE19|PC4|KI18,ST32|GV21,acupuncture,20min
455,459,CV7|GB32|LR6,BL30|SI2,acupuncture,20min
456,201,TE15|GV27|LI7,BL62|SP5,acupuncture,20min
457,431,HT2|BL52|ST3,LI15|LI6,acupuncture,20min
458,338,BL5|KI8|SP20,GB4|TE10,acupuncture,20min
459,382,KI12|BL41|TE3,ST38|BL43,acupuncture,20min
460,95,KI25|CV1|BL37,GB40|CV22,acupuncture,20min
461,250,LU4|SP9|BL4,KI21|ST17,acupuncture,20min
462,263,BL47|ST45|LI11,ST41|SI17,acupuncture,20min
463,214,GV1|GB3|BL18,HT7|SP17,acupuncture,20min
464,410,LI9|LU5|GV15,BL60|BL51,acupuncture,20min
465,248,GV6|BL66|BL48,LU2|ST23,acupuncture,20min
466,349,GB6|HT7|SI3,ST45|BL46,acupuncture,20min
467,456,CV1|GB8|BL16,GB21|KI9,acupuncture,20min
468,223,GB20|LR8|GV5,GV5|HT4,acupuncture,20min
469,276,LI10|TE5|LR8,GB30|BL24,acupuncture,20min
470,209,TE6|LI12|BL21,BL46|LU10,acupuncture,20min
471,476,LR7|GV13|ST2,TE15|KI22,acupuncture,20min
472,428,TE10|GV3|GB42,SI13|BL37,acupuncture,20min
473,457,LR8|SI9|TE3,BL11|BL29,acupuncture,20min
474,131,GV25|LI9|SI12,CV6|LR2,acupuncture,20min
475,21,KI11|BL11|LU3,GB21|SI12,acupuncture,20min
476,221,SI8|TE3|SI17,KI12|LU2,acupuncture,20min
477,482,LI14|ST8|BL16,GB24|GB29,acupuncture,20min
478,394,KI22|LU9|GB6,GV19|BL32,acupuncture,20min
479,110,LR13|CV3|LI16,GB4|LR3,acupuncture,20min
480,438,GB23|CV2|GB32,BL23|ST29,acupuncture,20min
481,280,SI15|KI8|GB37,BL44|SP15,acupuncture,20min
482,41,GV27|HT6|LU8,CV14|PC1,acupuncture,20min
483,51,BL44|GV23|BL1,TE18|LU11,acupuncture,20min
484,344,ST36|BL8|SP11,GV28|BL25,acupuncture,20min
485,374,BL7|KI21|SP7,KI27|HT8,acupuncture,20min
486,278,SP8|BL61|ST19,BL23|BL34,acupuncture,20min
487,80,CV18|GB30|GV19,ST5|ST9,acupuncture,20min
488,495,ST32|LU2|SI17,ST3|BL14,acupuncture,20min
489,257,SP16|ST28|TE4,BL48|ST32,acupuncture,20min
490,343,GB23|TE11|GB11,ST32|TE19,acupuncture,20min
491,181,GV6|BL18|ST12,BL58|ST17,acupuncture,20min
492,372,SP15|KI7|SP21,GB29|BL4,acupuncture,20min
493,75,LU10|GV9|ST14,ST2|SP8,acupuncture,20min
494,100,BL51|SP7|GB17,CV17|GB23,acupuncture,20min
495,437,TE18|GV15|BL55,LI5|BL50,acupuncture,20min
496,109,KI8|PC3|ST23,GB12|KI15,acupuncture,20min
497,397,SP10|HT1|GV9,GV18|TE20,acupuncture,20min
498,479,LR6|CV21|ST4,SI11|GV28,acupuncture,20min
499,329,GB3|GB35|TE7,KI7|BL40,acupuncture,20min
500,97,BL64|HT5|LI11,LI8|TE4,acupuncture,20min
501,479,LU2|GB42|BL57,LU9|CV4,acupuncture,20min
502,497,BL66|GV24|BL49,KI21|LU4,acupuncture,20min
503,305,BL37|TE10|ST13,ST38|ST19,acupuncture,20min
504,243,GB16|GB37|ST29,LR9|ST39,acupuncture,20min
505,320,GB3|GB33|GB32,BL50|ST31,acupuncture,20min
506,275,LI6|GV18|BL38,BL1|BL35,acupuncture,20min
507,481,KI26|BL26|LI9,ST24|LI18,acupuncture,20min
508,418,BL29|CV4|ST40,CV20|BL8,acupuncture,20min
509,39,KI3|SP3|BL19,BL50|KI19,acupuncture,20min
510,379,GB21|BL62|ST8,GB5|BL33,acupuncture,20min
511,168,BL29|KI17|LI1,LI3|BL21,acupuncture,20min
512,307,SP19|ST17|ST40,GB18|LR14,acupuncture,20min
513,394,ST21|BL61|ST28,ST18|BL11,acupuncture,20min
514,109,BL46|BL38|ST33,SP18|LR1,acupuncture,20min
515,160,LR4|ST10|SI13,LI15|BL17,acupuncture,20min
516,446,GB31|GB27|ST10,GB31|LR1,acupuncture,20min
517,153,CV17|GB29|BL28,GB32|GV28,acupuncture,20min
518,48,ST21|KI15|LI10,BL35|KI24,acupuncture,20min
519,36,GV28|BL46|BL13,LI16|ST40,acupuncture,20min
520,22,ST18|LR7|LU3,ST24|TE17,acupuncture,20min
521,136,TE13|BL60|KI16,GB27|ST24,acupuncture,20min
522,172,SP6|LR8|GB37,BL2|ST11,acupuncture,20min
523,444,SP11|SP19|GV24,GB41|CV22,acupuncture,20min
524,374,ST23|GV14|LU9,TE13|SI6,acupuncture,20min
525,209,ST34|SP11|CV13,GB10|SI17,acupuncture,20min
526,407,LU3|CV12|GB17,BL15|LR1,acupuncture,20min
527,221,SP21|GB2|GB30,SI16|LI20,acupuncture,20min
528,423,SI3|GV5|CV5,KI7|HT2,acupuncture,20min
529,499,GB20|BL25|BL52,ST39|KI16,acupuncture,20min
530,128,LR8|KI19|LR2,BL23|BL13,acupuncture,20min
531,310,GV7|ST33|KI24,BL6|GV23,acupuncture,20min
532,98,GB4|LU1|ST28,KI16|LR8,acupuncture,20min
533,417,BL5|CV17|ST35,LR1|SP19,acupuncture,20min
534,68,GV20|LR3|ST31,CV7|BL3,acupuncture,20min
535,351,LI10|SI13|BL3,LI13|ST6,acupuncture,20min
536,295,KI11|ST38|SI6,BL17|ST27,acupuncture,20min
537,8,LU2|GV25|SI2,ST26|CV20,acupuncture,20min
538,74,KI20|ST24|BL50,HT9|TE1,acupuncture,20min
539,211,ST45|GV23|ST33,BL64|BL42,acupuncture,20min
540,228,KI2|CV1|GB15,CV12|BL16,acupuncture,20min
541,200,CV3|HT7|GV17,ST44|HT9,acupuncture,20min
542,251,BL56|SP21|CV4,CV3|SI19,acupuncture,20min
543,2,TE23|BL16|PC5,LI15|BL5,acupuncture,20min
544,384,PC3|TE10|SP6,ST1|LI20,acupuncture,20min
545,57,TE7|GB18|BL24,HT8|KI20,acupuncture,20min
546,219,BL23|ST42|BL21,BL19|SP15,acupuncture,20min
547,233,LU8|TE15|GB21,ST3|LR6,acupuncture,20min
548,103,BL54|BL31|GV21,SI9|TE3,acupuncture,20min
549,83,CV16|BL17|TE17,KI8|BL14,acupuncture,20min
550,400,TE18|SI7|PC6,ST38|LU9,acupuncture,20min
551,486,SI15|GV22|TE21,KI5|SI7,acupuncture,20min
552,138,GB32|GB10|GV20,ST44|ST26,acupuncture,20min
553,140,BL65|GB17|BL6,CV17|ST20,acupuncture,20min
554,33,CV1|GB14|BL34,KI15|LU11,acupuncture,20min
555,415,GB40|ST24|SI18,BL20|BL5,acupuncture,20min
556,410,BL1|CV6|GB34,GV6|GB44,acupuncture,20min
557,2,GB21|SP18|GV13,GB4|GB20,acupuncture,20min
558,215,SP1|LU11|BL43,CV17|GB33,acupuncture,20min
559,96,GB40|BL50|LU1,TE19|HT3,acupuncture,20min
560,412,ST25|BL32|KI26,BL4|CV20,acupuncture,20min
561,343,BL15|LR6|HT6,GV13|KI14,acupuncture,20min
562,195,LR14|GB39|GB38,BL58|ST19,acupuncture,20min
563,24,TE14|GV11|HT4,BL1|BL42,acupuncture,20min
564,171,BL48|BL58|TE14,SI18|GB22,acupuncture,20min
565,354,GB2|SI11|PC2,GB37|LU9,acupuncture,20min
566,211,ST9|ST22|GB39,ST40|SI13,acupuncture,20min
567,379,LI12|HT8|TE12,KI20|GB23,acupuncture,20min
568,368,ST7|ST22|CV12,GB30|PC7,acupuncture,20min
569,50,ST39|SI8|SI4,SI6|BL65,acupuncture,20min
570,62,LI8|BL7|LU6,LR6|KI18,acupuncture,20min
571,48,BL19|GV21|LR7,TE3|SI2,acupuncture,20min
572,413,BL50|SI16|GV5,ST30|ST17,acupuncture,20min
573,23,BL4|LR12|GB24,GV14|SI18,acupuncture,20min
574,337,TE16|CV16|BL17,GB27|SP10,acupuncture,20min
575,455,CV20|LU4|TE23,SI5|KI19,acupuncture,20min
576,118,BL45|ST21|ST15,GB7|LR4,acupuncture,20min
577,179,GB44|BL18|LU1,KI27|CV20,acupuncture,20min
578,14,BL58|TE4|GB34,CV20|SP9,acupuncture,20min
579,141,ST19|GV13|GB42,LU11|CV5,acupuncture,20min
580,376,HT2|SP13|SP5,SI14|LI13,acupuncture,20min
581,152,SP16|HT4|SI2,HT5|ST37,acupuncture,20min
582,317,TE8|ST1|CV2,TE3|SI10,acupuncture,20min
583,322,ST38|LI6|ST30,HT8|BL63,acupuncture,20min
584,33,BL29|CV15|PC3,SP3|CV16,acupuncture,20min
585,192,SP6|TE15|KI2,LU4|SP12,acupuncture,20min
586,56,LI7|GB22|SP14,CV14|KI24,acupuncture,20min
587,213,ST13|SP5|SI3,ST7|SP3,acupuncture,20min
588,137,ST25|PC4|SI12,CV22|SP10,acupuncture,20min
589,461,GB16|GB34|CV10,GB21|LR8,acupuncture,20min
590,273,LR5|BL44|TE4,SP5|LR10,acupuncture,20min
591,89,CV2|GB40|SI5,TE2|KI26,acupuncture,20min
592,311,GV4|PC9|BL18,BL37|BL9,acupuncture,20min
593,193,SI4|LU11|HT4,KI16|BL27,acupuncture,20min
594,408,GB24|TE11|ST16,LR3|ST29,acupuncture,20min
595,274,CV19|ST34|LI17,SI12|CV22,acupuncture,20min
596,298,ST27|GB36|TE18,KI11|GV24,acupuncture,20min
597,449,ST39|LI17|GB15,SP17|GB25,acupuncture,20min
598,440,SI13|ST34|SI18,LI15|GB10,acupuncture,20min
599,283,GV2|GB28|ST7,SI18|GB25,acupuncture,20min
600,133,ST12|BL49|GB18,GB25|ST17,acupuncture,20min
601,23,BL9|BL46|GB31,ST39|SP16,acupuncture,20min
602,358,KI27|GB1|HT9,ST41|SI7,acupuncture,20min
603,227,GV17|ST15|GB15,ST45|GV11,acupuncture,20min
604,378,ST6|KI25|GV16,GB29|ST11,acupuncture,20min
605,434,BL40|TE8|SP9,CV12|BL17,acupuncture,20min
606,397,BL48|LI5|LI6,LU6|LI3,acupuncture,20min
607,166,CV4|CV17|LI2,LI5|ST12,acupuncture,20min
608,353,SP9|GV18|LR5,ST11|ST12,acupuncture,20min
609,332,HT1|TE19|ST20,PC6|GB25,acupuncture,20min
610,369,BL66|LI19|GV14,GV1|LI3,acupuncture,20min
611,59,SP1|BL56|BL36,KI3|CV8,acupuncture,20min
612,82,GB8|GV22|BL24,BL25|BL9,acupuncture,20min
613,296,ST13|GB29|ST45,LR13|CV6,acupuncture,20min
614,467,GB26|TE17|BL23,GB1|GB17,acupuncture,20min
615,319,ST9|SP2|SP14,BL23|GB6,acupuncture,20min
616,260,LI11|BL36|KI3,TE13|LI10,acupuncture,20min
617,26,PC4|TE12|LI3,LI12|LR12,acupuncture,20min
618,177,LU2|CV2|BL9,BL1|KI2,acupuncture,20min
619,141,GV17|BL50|ST15,BL61|GB14,acupuncture,20min
620,63,GB21|SP1|KI16,KI2|GB38,acupuncture,20min
621,117,SI15|KI20|SP1,BL13|GB11,acupuncture,20min
622,159,BL40|BL65|CV2,LI15|BL63,acupuncture,20min
623,366,SP12|LR1|KI1,LI11|GB32,acupuncture,20min
624,107,LI10|GV12|TE13,LI17|KI17,acupuncture,20min
625,236,SI18|KI19|LR14,GV6|GB35,acupuncture,20min
626,488,GV8|BL57|LU9,GV11|GV17,acupuncture,20min
627,138,GB19|SP19|ST34,ST3|ST1,acupuncture,20min
628,64,LI14|ST32|KI9,BL5|GB20,acupuncture,20min
629,376,GB34|GB20|LU3,BL9|GV12,acupuncture,20min
630,256,BL8|GV21|SP15,GB30|TE15,acupuncture,20min
631,271,BL3|GB14|HT3,KI2|SP21,acupuncture,20min
632,80,GV23|ST2|KI13,BL13|SI19,acupuncture,20min
633,317,CV8|ST3|ST42,CV20|KI13,acupuncture,20min
634,331,CV11|BL27|SP12,GB17|GB42,acupuncture,20min
635,82,CV6|CV5|BL33,KI17|BL28,acupuncture,20min
636,370,LU11|SI19|KI23,ST36|BL64,acupuncture,20min
637,492,GB20|PC2|SI4,ST23|BL34,acupuncture,20min
638,150,BL4|ST12|TE9,LI10|KI8,acupuncture,20min
639,388,GV15|KI8|SP5,BL57|BL67,acupuncture,20min
640,370,BL24|LI11|SP20,KI15|SI12,acupuncture,20min
641,96,CV9|BL64|BL50,GB28|CV13,acupuncture,20min
642,241,BL26|HT2|LI1,CV6|ST13,acupuncture,20min
643,263,KI2|BL33|KI19,BL19|BL24,acupuncture,20min
644,375,GB44|GB21|GB8,LI1|SI10,acupuncture,20min
645,257,ST25|BL64|SI18,GB34|CV21,acupuncture,20min
646,239,GB15|SP16|BL17,BL45|ST38,acupuncture,20min
647,175,GV4|CV20|ST1,CV8|CV16,acupuncture,20min
648,437,LI9|BL24|CV15,GV19|LI19,acupuncture,20min
649,497,BL25|SI17|HT8,SI5|SI1,acupuncture,20min
650,162,BL57|HT3|GB19,BL7|LR6,acupuncture,20min
651,47,ST32|KI11|SI8,ST42|ST22,acupuncture,20min
652,370,ST18|LR13|TE5,GB19|TE11,acupuncture,20min
653,124,ST33|GB28|LI14,GV2|HT5,acupuncture,20min
654,253,LR9|ST16|GV15,CV11|HT5,acupuncture,20min
655,116,SI5|ST38|KI16,GV21|BL41,acupuncture,20min
656,471,LI10|KI17|LI7,ST9|ST12,acupuncture,20min
657,49,GV5|GB8|GB4,BL43|KI8,acupuncture,20min
658,457,TE9|GB6|KI17,GB32|GB18,acupuncture,20min
659,416,LU5|LU6|SP19,SI1|LI3,acupuncture,20min
660,58,LI5|LR6|ST24,BL47|KI21,acupuncture,20min
661,126,GB31|ST35|LR11,GB18|LU7,acupuncture,20min
662,360,CV16|KI2|BL46,TE14|GV18,acupuncture,20min
663,492,GB4|BL11|BL21,LR11|ST31,acupuncture,20min
664,201,KI21|LU2|GV9,CV12|SI4,acupuncture,20min
665,40,BL64|GV4|BL53,ST38|LI19,acupuncture,20min
666,328,BL35|GV1|ST6,ST33|GB19,acupuncture,20min
667,116,GB44|BL22|ST25,GB26|BL25,acupuncture,20min
668,430,SI13|KI12|GB21,TE17|BL51,acupuncture,20min
669,88,LI3|LR6|ST41,KI17|HT3,acupuncture,20min
670,76,SP5|SI5|GV2,LR14|GB8,acupuncture,20min
671,173,ST7|SI17|TE4,BL16|BL47,acupuncture,20min
672,357,KI23|ST9|ST17,BL6|LI8,acupuncture,20min
673,482,BL26|ST36|GB16,GB24|KI17,acupuncture,20min
674,122,LI11|BL63|GV14,LU11|BL48,acupuncture,20min
675,266,GB2|KI11|PC1,PC4|LI13,acupuncture,20min
676,400,CV19|ST19|ST29,ST35|KI27,acupuncture,20min
677,454,LU10|LI11|HT2,LI18|GB16,acupuncture,20min
678,46,HT8|BL60|KI8,KI12|GV3,acupuncture,20min
679,38,LI3|KI6|SP3,CV14|TE6,acupuncture,20min
680,131,BL40|SI3|ST21,SP14|SI6,acupuncture,20min
681,282,BL50|BL58|LI16,PC2|GB10,acupuncture,20min
682,321,SP18|PC5|GB42,ST25|TE21,acupuncture,20min
683,319,TE21|KI26|GB37,GV21|ST43,acupuncture,20min
684,60,SI2|GB18|BL11,BL24|LI10,acupuncture,20min
685,230,SI18|BL31|GB33,LU3|GB20,acupuncture,20min
686,442,HT3|BL51|BL28,SI16|TE17,acupuncture,20min
687,24,CV5|GB31|GB20,ST39|KI17,acupuncture,20min
688,371,SI3|SI14|GV22,BL67|GV6,acupuncture,20min
689,232,ST33|LI17|ST22,CV5|BL65,acupuncture,20min
690,260,CV17|CV19|LU10,GV2|LI14,acupuncture,20min
691,147,BL64|GB39|LR3,ST3|BL24,acupuncture,20min
692,299,GB43|SP18|LU9,TE4|BL6,acupuncture,20min
693,483,SP9|KI15|LR12,GB43|GV11,acupuncture,20min
694,446,GV12|KI24|GV11,GB43|KI1,acupuncture,20min
695,389,GV28|BL27|GB32,GV20|GV1,acupuncture,20min
696,456,LR13|CV10|CV11,TE6|ST15,acupuncture,20min
697,297,GB17|BL27|ST44,GB24|BL63,acupuncture,20min
698,170,KI5|GV18|GB41,BL3|ST45,acupuncture,20min
699,455,GB39|ST22|BL26,LU11|GB6,acupuncture,20min
700,456,BL34|GB41|GV8,HT3|SP14,acupuncture,20min
701,400,HT1|ST25|SP19,SI9|BL26,acupuncture,20min
702,492,ST42|PC2|KI15,GB38|GB36,acupuncture,20min
703,286,LI18|KI17|GV10,CV22|LI1,acupuncture,20min
704,235,TE15|SP4|KI12,GV19|ST30,acupuncture,20min
705,384,KI22|LI5|GV20,PC8|SP14,acupuncture,20min
706,311,SI5|BL34|GB37,SI11|GB16,acupuncture,20min
707,465,SI7|BL42|CV7,CV3|LR14,acupuncture,20min
708,337,BL61|GV24|SI19,GB16|ST40,acupuncture,20min
709,492,GB37|LU9|BL21,LU2|BL52,acupuncture,20min
710,290,KI17|CV3|ST30,ST42|CV19,acupuncture,20min
711,412,GV4|PC4|BL50,LI5|GB31,acupuncture,20min
712,347,ST45|KI16|LR8,BL59|GB28,acupuncture,20min
713,402,ST45|PC4|CV2,BL12|ST17,acupuncture,20min
714,209,GB31|KI4|GB43,KI2|BL52,acupuncture,20min
715,247,GV14|ST7|SI5,LU8|GB37,acupuncture,20min
716,393,KI27|ST20|CV8,CV15|ST44,acupuncture,20min
717,473,HT1|GB20|BL36,GB42|BL48,acupuncture,20min
718,278,ST31|BL4|HT2,BL12|KI13,acupuncture,20min
719,140,SP1|SI18|LR6,BL35|GB10,acupuncture,20min
720,386,GV12|LI10|LI5,SP9|TE17,acupuncture,20min
721,223,SI9|LU1|LU4,CV5|GB13,acupuncture,20min
722,60,LR13|KI9|KI8,ST2|LI18,acupuncture,20min
723,343,KI7|GB7|HT7,ST8|ST11,acupuncture,20min
724,485,HT2|GV5|BL47,LI3|LI14,acupuncture,20min
725,332,ST3|KI1|GB20,LI18|GV5,acupuncture,20min
726,38,BL18|ST11|BL26,GV14|GV2,acupuncture,20min
727,442,BL40|LI17|TE5,KI17|SP15,acupuncture,20min
728,329,GV14|GB17|HT4,LR4|PC8,acupuncture,20min
729,113,KI19|GV13|ST43,LI15|BL64,acupuncture,20min
730,226,GV18|BL19|BL14,LU9|GB3,acupuncture,20min
731,30,PC8|LR12|BL20,KI9|SP8,acupuncture,20min
732,67,TE2|ST41|KI15,KI19|CV7,acupuncture,20min
733,409,LR11|ST40|BL52,LU10|GB34,acupuncture,20min
734,473,ST17|GB1|GV12,TE15|KI5,acupuncture,20min
735,35,LI14|SP7|GB39,CV22|LR14,acupuncture,20min
736,274,BL10|LI1|KI12,GB18|CV9,acupuncture,20min
737,233,BL10|ST4|HT3,HT5|HT7,acupuncture,20min
738,367,SI13|ST15|ST37,BL36|BL59,acupuncture,20min
739,240,SP12|HT7|BL52,KI14|ST25,acupuncture,20min
740,435,GB28|ST10|TE10,LU6|HT8,acupuncture,20min
741,84,SP9|CV11|ST22,ST10|LR14,acupuncture,20min
742,122,LU1|KI3|ST27,SI7|KI25,acupuncture,20min
743,254,GB12|CV6|BL38,ST37|TE12,acupuncture,20min
744,98,GB29|GB43|BL52,KI1|ST32,acupuncture,20min
745,152,SI6|TE2|ST8,CV5|GB29,acupuncture,20min
746,443,BL33|BL11|LR9,LI15|SP11,acupuncture,20min
747,151,LR2|BL41|LI14,ST42|KI11,acupuncture,20min
748,146,GB11|LI12|ST18,PC2|BL17,acupuncture,20min
749,129,LI17|SI16|TE4,HT8|CV13,acupuncture,20min
750,475,ST22|KI12|TE13,GB23|ST25,acupuncture,20min
751,88,ST42|TE10|GB5,CV5|GB12,acupuncture,20min
752,48,SP20|ST8|LU8,SP7|GV19,acupuncture,20min
753,322,GB1|LR7|GB24,SP18|ST22,acupuncture,20min
754,294,HT3|BL9|GB15,KI23|SP12,acupuncture,20min
755,225,GB29|BL50|GB1,CV15|GV2,acupuncture,20min
756,449,SI14|KI27|SI13,GB26|SI19,acupuncture,20min
757,164,ST28|GB13|SP15,GB28|CV12,acupuncture,20min
758,385,KI18|LI4|BL49,SI12|GB43,acupuncture,20min
759,279,TE3|LI1|GB2,CV23|LR7,acupuncture,20min
760,233,GV17|PC1|KI15,CV12|ST30,acupuncture,20min
761,121,TE17|CV22|ST1,KI15|GB4,acupuncture,20min
762,392,KI16|GB15|ST45,LU8|BL62,acupuncture,20min
763,338,LU2|KI1|GB26,ST43|ST13,acupuncture,20min
764,168,SP12|SP17|SI9,GV14|BL54,acupuncture,20min
765,448,CV9|SP6|ST14,KI10|CV11,acupuncture,20min
766,230,CV1|BL63|LU8,BL47|GB26,acupuncture,20min
767,77,ST23|CV15|BL11,KI16|GB41,acupuncture,20min
768,293,ST7|GB17|GV25,SP14|ST7,acupuncture,20min
769,387,ST41|BL43|GB40,KI12|TE6,acupuncture,20min
770,396,LR10|LI10|GB35,LR8|GB23,acupuncture,20min
771,312,CV13|BL13|SI15,PC2|GV11,acupuncture,20min
772,65,GB27|BL23|GB29,LU9|SP6,acupuncture,20min
773,374,LI9|BL45|LI7,GV1|CV18,acupuncture,20min
774,367,SI12|CV3|GB27,PC3|LR12,acupuncture,20min
775,67,CV18|BL4|GB9,BL25|GV23,acupuncture,20min
776,284,BL28|GV2|BL48,GV4|GB12,acupuncture,20min
777,178,GV14|ST3|GV23,ST13|BL21,acupuncture,20min
778,493,TE4|GV12|GB29,GB9|TE7,acupuncture,20min
779,183,LI8|CV19|GV27,PC7|ST16,acupuncture,20min
780,200,SP16|SI15|GB28,KI14|TE2,acupuncture,20min
781,14,TE17|HT4|GB26,GV28|SP20,acupuncture,20min
782,494,GV7|TE4|BL16,KI3|ST9,acupuncture,20min
783,254,GV6|ST2|GV13,CV3|TE9,acupuncture,20min
784,77,GV4|GB22|GB2,KI5|GB27,acupuncture,20min
785,368,GV11|GB44|PC5,GB8|GB4,acupuncture,20min
786,101,SP3|ST36|BL39,GB14|LR1,acupuncture,20min
787,349,GB2|LI9|GV21,GB22|BL38,acupuncture,20min
788,350,GB18|LU1|KI13,GV21|SP20,acupuncture,20min
789,138,GV12|SI16|BL64,LI16|CV20,acupuncture,20min
790,373,LI5|CV3|BL60,KI8|KI4,acupuncture,20min
791,20,GV9|BL45|CV15,TE6|GB41,acupuncture,20min
792,461,LI5|CV8|ST33,SP10|BL19,acupuncture,20min
793,129,GB27|SP15|BL51,BL67|BL13,acupuncture,20min
794,202,SP18|GB18|KI10,TE8|LR9,acupuncture,20min
795,96,HT4|ST41|BL56,GV5|BL26,acupuncture,20min
796,273,GV18|BL2|GV16,ST38|CV13,acupuncture,20min
797,280,GB44|BL13|KI9,SI8|HT3,acupuncture,20min
798,134,GB43|ST22|BL50,KI16|SP9,acupuncture,20min
799,273,ST10|CV14|CV12,BL43|SP20,acupuncture,20min
800,86,BL48|TE20|SP16,BL51|KI8,acupuncture,20min
801,445,GB44|SP12|KI15,LR7|SI8,acupuncture,20min
802,401,CV19|SI8|BL51,GB21|GV3,acupuncture,20min
803,55,CV15|BL65|ST22,SI9|GB8,acupuncture,20min
804,488,GB36|KI9|BL65,BL63|LI3,acupuncture,20min
805,487,GV22|TE23|GB15,BL10|KI6,acupuncture,20min
806,388,GB36|BL42|LU9,GV4|BL40,acupuncture,20min
807,4,TE22|CV12|BL23,BL9|SI9,acupuncture,20min
808,450,HT3|BL32|GV13,GV11|ST31,acupuncture,20min
809,468,CV9|GB12|LR1,ST8|ST27,acupuncture,20min
810,102,TE19|LR12|TE20,SP9|LI14,acupuncture,20min
811,138,GB17|CV24|BL46,LR3|SI15,acupuncture,20min
812,158,LI9|ST14|BL62,SI2|KI10,acupuncture,20min
813,168,ST15|BL42|BL26,TE5|ST25,acupuncture,20min
814,188,BL43|HT7|ST24,SI5|SP13,acupuncture,20min
815,50,GV9|SI4|KI23,TE16|GB18,acupuncture,20min
816,9,SI16|KI27|TE2,BL38|LI13,acupuncture,20min
817,411,GV9|BL12|SP1,CV20|GV21,acupuncture,20min
818,91,ST25|BL21|ST14,LI8|BL57,acupuncture,20min
819,357,TE6|KI5|GV7,GB20|ST32,acupuncture,20min
820,310,LR8|GB18|TE15,GB37|LI20,acupuncture,20min
821,67,ST37|TE17|LU4,BL15|BL60,acupuncture,20min
822,206,SI15|GB13|GB19,GB35|BL54,acupuncture,20min
823,214,SP8|ST40|BL45,GB35|PC1,acupuncture,20min
824,406,LI19|BL42|LR4,GB9|KI21,acupuncture,20min
825,442,TE3|GB25|PC8,BL19|BL28,acupuncture,20min
826,173,SP10|ST40|GB2,BL48|GB11,acupuncture,20min
827,376,CV6|BL19|GB27,GV15|BL49,acupuncture,20min
828,148,LR7|KI25|BL62,BL38|GV6,acupuncture,20min
829,467,SP16|GB7|ST35,BL31|GV6,acupuncture,20min
830,14,ST30|ST12|CV18,PC1|BL46,acupuncture,20min
831,411,ST39|LU4|LI10,LI11|SP4,acupuncture,20min
832,332,BL33|BL66|GV19,SI12|LR6,acupuncture,20min
833,450,SI13|ST7|SI16,ST37|GV21,acupuncture,20min
834,3,ST29|BL42|BL38,ST5|SI1,acupuncture,20min
835,105,BL41|BL50|TE19,LI7|GB17,acupuncture,20min
836,52,GV16|KI26|GB34,SP18|CV13,acupuncture,20min
837,197,BL21|BL31|GB16,GB18|GV7,acupuncture,20min
838,256,KI6|LR6|GV9,GB1|ST43,acupuncture,20min
839,404,CV17|SI8|KI25,TE2|GV18,acupuncture,20min
840,383,PC7|BL25|GV21,KI20|SP1,acupuncture,20min
841,86,LU4|ST36|BL63,GB13|CV24,acupuncture,20min
842,112,BL64|BL23|SI2,ST5|GB19,acupuncture,20min
843,429,SP13|GB28|ST24,ST38|HT1,acupuncture,20min
844,450,ST2|ST34|HT6,GV2|ST43,acupuncture,20min
845,48,GV22|LU4|GV12,BL32|GV11,acupuncture,20min
846,126,LI20|KI2|LU5,ST16|GB16,acupuncture,20min
847,368,KI21|BL10|TE23,SP6|HT8,acupuncture,20min
848,85,GB33|TE10|BL52,LI2|GB22,acupuncture,20min
849,234,TE14|KI15|GB15,ST14|CV4,acupuncture,20min
850,165,SP15|SP17|BL55,TE18|TE10,acupuncture,20min
851,248,BL9|BL61|GB37,GV13|BL12,acupuncture,20min
852,167,ST39|KI3|SP4,GB42|LI6,acupuncture,20min
853,380,ST42|GV8|ST16,GB11|CV6,acupuncture,20min
854,374,TE5|KI4|GV28,GB33|SI18,acupuncture,20min
855,368,ST22|KI9|LI17,GB31|SP18,acupuncture,20min
856,33,PC7|ST31|GV22,TE13|SP14,acupuncture,20min
857,404,TE7|CV15|SI5,HT5|PC8,acupuncture,20min
858,490,SI6|GB39|GV27,LR4|SP20,acupuncture,20min
859,296,LI4|BL42|SP18,SP13|SP4,acupuncture,20min
860,490,GB40|GV6|SI4,KI19|SP12,acupuncture,20min
861,39,ST21|KI27|BL43,GV28|LR5,acupuncture,20min
862,74,GV19|BL31|SI15,GB33|GB31,acupuncture,20min
863,360,SI16|SP10|BL42,GV26|BL62,acupuncture,20min
864,285,BL1|LR1|GB26,HT8|BL39,acupuncture,20min
865,372,BL33|BL12|KI22,ST32|TE23,acupuncture,20min
866,414,GV22|TE10|GB2,SI7|SP7,acupuncture,20min
867,171,KI10|BL24|BL2,LU11|GB42,acupuncture,20min
868,367,BL9|BL5|LR1,GB5|GV4,acupuncture,20min
869,225,ST29|SP17|TE1,GV1|LR4,acupuncture,20min
870,36,LU2|SP20|GB42,SP14|PC7,acupuncture,20min
871,462,SP7|LI18|BL45,BL2|CV5,acupuncture,20min
872,110,LR11|TE12|GB19,GB4|ST27,acupuncture,20min
873,485,GB1|BL43|ST40,LR2|GB35,acupuncture,20min
874,416,GB15|SI19|ST36,SP1|LI4,acupuncture,20min
875,374,CV9|ST20|ST38,BL62|KI12,acupuncture,20min
876,453,LI17|GB30|SP21,SP13|LI9,acupuncture,20min
877,416,LI12|BL11|GB33,TE23|GV2,acupuncture,20min
878,443,CV15|TE11|GB15,GB7|GB9,acupuncture,20min
879,355,GB41|PC6|BL54,CV14|SI2,acupuncture,20min
880,95,CV24|BL66|CV5,GB13|BL58,acupuncture,20min
881,409,SI16|GV18|GB23,KI10|ST1,acupuncture,20min
882,121,LI10|HT7|LU9,BL18|BL30,acupuncture,20min
883,57,KI7|GV22|ST11,GB43|BL40,acupuncture,20min
884,447,TE8|ST4|BL53,SP8|SI2,acupuncture,20min
885,296,GB42|ST17|LI1,SP1|GV21,acupuncture,20min
886,48,SP10|LR6|BL54,CV3|LI2,acupuncture,20min
887,445,BL31|HT5|TE17,BL17|GV26,acupuncture,20min
888,467,GB11|HT2|LI19,GV5|HT4,acupuncture,20min
889,108,LU3|LR1|KI21,TE13|ST12,acupuncture,20min
890,496,CV15|LR9|GB5,ST17|GV3,acupuncture,20min
891,78,ST28|ST44|KI12,LI14|GV16,acupuncture,20min
892,444,SP2|ST29|SI1,SP5|ST30,acupuncture,20min
893,386,CV15|CV22|TE8,KI18|TE11,acupuncture,20min
894,395,CV2|ST41|LI17,ST28|GV2,acupuncture,20min
895,207,CV8|ST15|ST29,ST27|KI4,acupuncture,20min
896,317,ST23|ST36|SP17,LI11|ST31,acupuncture,20min
897,381,LI6|TE1|ST39,BL51|CV2,acupuncture,20min
898,383,GB20|PC6|BL3,HT5|GV10,acupuncture,20min
899,221,SI4|LI8|BL26,GB42|HT2,acupuncture,20min
900,339,KI3|BL48|SI1,GB24|LU7,acupuncture,20min
901,398,SP16|TE6|GV25,CV4|BL30,acupuncture,20min
902,52,GB16|ST23|SP1,BL20|SP15,acupuncture,20min
903,203,ST16|BL21|LI1,GB35|CV13,acupuncture,20min
904,296,GV12|GB18|ST41,BL48|LU5,acupuncture,20min
905,147,CV4|BL43|ST38,SP1|LR11,acupuncture,20min
906,359,KI1|ST35|LU9,LR8|HT3,acupuncture,20min
907,1,BL63|BL55|KI3,ST3|GV27,acupuncture,20min
908,66,SI4|CV5|GB41,LR11|BL52,acupuncture,20min
909,118,CV19|LR4|GB4,LU9|ST19,acupuncture,20min
910,218,TE5|ST30|ST42,BL17|HT1,acupuncture,20min
911,199,BL59|GB31|BL43,GB26|BL63,acupuncture,20min
912,483,BL33|ST36|SI3,LI3|BL8,acupuncture,20min
913,477,ST8|SP4|LI3,ST42|TE19,acupuncture,20min
914,83,LI17|KI25|ST33,BL61|GV6,acupuncture,20min
915,31,TE18|SI13|GB35,GB3|BL18,acupuncture,20min
916,369,SP10|LR12|GV9,ST1|PC8,acupuncture,20min
917,212,ST13|PC2|KI27,LR8|LI1,acupuncture,20min
918,333,SI11|ST36|ST34,BL20|GB21,acupuncture,20min
919,424,ST24|BL51|BL39,BL9|SP6,acupuncture,20min
920,360,CV14|GV15|GV20,LU4|SI8,acupuncture,20min
921,9,BL22|LI6|BL3,LI20|ST33,acupuncture,20min
922,469,GV7|BL61|KI16,GB4|GB38,acupuncture,20min
923,319,GV19|TE4|BL64,KI25|BL33,acupuncture,20min
924,399,ST3|BL65|PC8,LR8|CV10,acupuncture,20min
925,485,BL54|BL66|BL21,KI26|SP13,acupuncture,20min
926,429,BL2|BL4|TE18,ST24|ST40,acupuncture,20min
927,23,BL4|TE9|PC4,LU2|ST26,acupuncture,20min
928,20,GB34|LI20|ST30,GB13|ST32,acupuncture,20min
929,52,SI1|LI3|KI20,GB33|SI12,acupuncture,20min
930,83,TE3|KI13|BL17,ST16|TE23,acupuncture,20min
931,265,KI25|GB14|LI11,GB28|LU7,acupuncture,20min
932,76,ST19|CV7|BL63,TE2|ST24,acupuncture,20min
933,32,LR9|LI5|ST25,BL51|CV24,acupuncture,20min
934,210,TE10|ST13|HT4,GB10|LI11,acupuncture,20min
935,365,TE4|ST22|BL2,LI17|TE9,acupuncture,20min
936,185,SI12|BL46|ST10,LI14|BL23,acupuncture,20min
937,411,GB21|BL17|GB1,BL29|HT6,acupuncture,20min
938,13,KI14|SP14|ST28,CV24|HT4,acupuncture,20min
939,273,LU9|GB39|PC4,SP18|BL54,acupuncture,20min
940,361,GB20|CV10|BL57,TE1|KI27,acupuncture,20min
941,105,PC1|LR11|BL5,GB4|LI5,acupuncture,20min
942,344,ST31|GB37|LU3,BL46|HT5,acupuncture,20min
943,473,HT6|GV2|KI15,SP5|PC7,acupuncture,20min
944,41,BL6|PC5|KI10,PC5|SP1,acupuncture,20min
945,426,BL56|LR5|ST2,GB18|SI18,acupuncture,20min
946,30,ST40|CV22|TE16,LU10|LI6,acupuncture,20min
947,160,BL12|KI15|KI21,KI26|ST21,acupuncture,20min
948,408,BL45|GV12|LR7,LI2|ST4,acupuncture,20min
949,342,ST29|LI15|TE1,LR7|TE21,acupuncture,20min
950,384,TE12|ST33|BL5,LI9|LU11,acupuncture,20min
951,394,GV27|BL10|LR5,SI15|GB28,acupuncture,20min
952,357,GB32|ST4|GB38,CV22|GV15,acupuncture,20min
953,342,BL14|GB43|LU2,BL37|BL3,acupuncture,20min
954,313,ST3|BL38|SP13,LI11|BL6,acupuncture,20min
955,332,GV3|GB6|LI9,LR7|BL28,acupuncture,20min
956,253,LR12|GB4|KI11,GV2|GB20,acupuncture,20min
957,238,GV19|SI9|GV23,ST3|HT5,acupuncture,20min
958,196,LR8|PC6|CV14,ST31|KI21,acupuncture,20min
959,465,LR14|GB34|BL25,ST22|KI19,acupuncture,20min
960,147,KI4|ST20|SP1,SI5|TE21,acupuncture,20min
961,128,LI15|TE21|TE18,GB42|BL12,acupuncture,20min
962,108,SI14|SP14|BL41,PC5|SP18,acupuncture,20min
963,149,CV16|GB13|CV6,LR8|LR10,acupuncture,20min
964,414,LR4|GB41|ST28,GV4|TE1,acupuncture,20min
965,435,LU8|ST4|BL11,SP9|PC2,acupuncture,20min
966,27,CV2|ST41|LI3,SI4|TE12,acupuncture,20min
967,46,GB13|TE8|GB26,SP12|ST24,acupuncture,20min
968,338,KI19|LI18|SP6,CV2|CV4,acupuncture,20min
969,49,LI4|GV14|CV2,GV13|BL8,acupuncture,20min
970,360,GB29|ST12|SI15,BL65|CV14,acupuncture,20min
971,454,GV6|GB42|GB12,LR10|GB8,acupuncture,20min
972,500,LR5|TE2|ST45,ST27|ST12,acupuncture,20min
973,301,PC9|LI1|GB25,GB7|GV12,acupuncture,20min
974,497,BL24|CV2|GB10,LI5|ST6,acupuncture,20min
975,71,GB29|KI13|BL9,BL31|GB23,acupuncture,20min
976,263,SP7|ST31|TE4,BL58|GB17,acupuncture,20min
977,225,SI14|GB42|PC7,GB9|BL67,acupuncture,20min
978,133,LU6|GB26|SP13,ST1|LI3,acupuncture,20min
979,243,GB26|LI13|KI23,TE15|BL39,acupuncture,20min
980,289,CV5|ST17|SP17,SP21|KI3,acupuncture,20min
981,392,ST13|BL29|LR10,KI15|ST16,acupuncture,20min
982,457,GV23|CV6|ST13,SP5|GB11,acupuncture,20min
983,308,GB5|CV9|LR8,BL14|SP9,acupuncture,20min
984,238,CV7|KI25|GB36,GB8|SP2,acupuncture,20min
985,326,KI9|LR2|CV7,TE17|CV4,acupuncture,20min
986,118,LI15|BL12|LI12,LR7|BL57,acupuncture,20min
987,58,ST30|BL8|ST15,LR3|KI25,acupuncture,20min
988,329,BL57|KI27|LI12,GB3|GB32,acupuncture,20min
989,458,BL3|SP15|TE22,BL21|CV9,acupuncture,20min
990,371,CV17|GB33|GB35,SI9|BL46,acupuncture,20min
991,409,KI2|BL57|ST24,TE8|LR3,acupuncture,20min
992,150,CV1|CV7|GV20,KI12|SP18,acupuncture,20min
993,328,GV19|LI13|GV1,KI24|CV23,acupuncture,20min
994,128,BL20|GV4|KI1,KI5|GB29,acupuncture,20min
995,232,BL11|GV5|PC1,LI3|BL12,acupuncture,20min
996,6,GB11|BL35|SP2,ST3|PC9,acupuncture,20min
997,73,SP3|GB37|BL49,ST22|KI6,acupuncture,20min
998,209,SP6|BL58|LR2,SI19|GV14,acupuncture,20min
999,258,BL16|GB27|GB29,ST34|LU1,acupuncture,20min
1000,273,GB43|SI8|BL12,GB23|KI13,acupuncture,20min
1001,451,CV20|GB6|SI11,GV6|LI11,acupuncture,20min
1002,78,PC5|ST40|BL8,KI11|TE18,acupuncture,20min
1003,218,GB19|PC9|LR14,GB44|ST4,acupuncture,20min
1004,38,LI1|GV11|ST2,ST15|BL29,acupuncture,20min
1005,339,SI4|ST27|LR6,BL3|BL59,acupuncture,20min
1006,56,LR13|GV19|SP8,HT8|KI17,acupuncture,20min
1007,175,SI14|SI4|TE16,KI17|LU1,acupuncture,20min
1008,285,SP20|BL3|LI12,BL6|BL40,acupuncture,20min
1009,12,GB11|ST18|KI14,BL46|CV22,acupuncture,20min
1010,75,SP9|BL60|BL18,BL30|GB3,acupuncture,20min
1011,163,BL10|ST33|GV7,ST19|PC1,acupuncture,20min
1012,141,GV24|LI6|HT2,CV20|BL24,acupuncture,20min
1013,241,LI4|GB40|KI22,KI14|ST2,acupuncture,20min
1014,133,TE20|ST3|GB14,ST34|CV22,acupuncture,20min
1015,22,LR10|GB25|GB43,GB29|GV14,acupuncture,20min
1016,427,GB29|GB27|LU2,KI14|TE9,acupuncture,20min
1017,227,GB32|ST44|ST19,BL15|ST10,acupuncture,20min
1018,430,BL14|KI20|GB14,ST23|SI10,acupuncture,20min
1019,193,BL43|GV10|SP19,KI10|GV12,acupuncture,20min
1020,276,BL11|GB29|KI25,GV7|CV3,acupuncture,20min
1021,357,GV8|BL3|CV21,LR3|KI11,acupuncture,20min
1022,196,GV8|GB31|PC7,BL35|GB9,acupuncture,20min
1023,175,GB40|BL35|CV16,ST16|BL43,acupuncture,20min
1024,57,LR7|BL9|BL36,CV1|LI15,acupuncture,20min
1025,93,ST33|GV6|ST39,LR12|CV11,acupuncture,20min
1026,357,LI19|CV15|TE17,BL60|BL2,acupuncture,20min
1027,37,KI4|CV19|LI12,BL55|ST28,acupuncture,20min
1028,117,TE15|ST10|KI25,CV13|ST1,acupuncture,20min
1029,216,LR11|GB25|GB34,KI11|SI1,acupuncture,20min
1030,52,BL36|BL3|KI19,GV23|ST34,acupuncture,20min
1031,307,GB13|LR2|BL9,BL43|BL66,acupuncture,20min
1032,13,LI18|KI3|TE21,LU4|LI15,acupuncture,20min
1033,414,LR10|GV27|GV25,GB43|BL30,acupuncture,20min
1034,92,ST39|BL28|GB21,LR3|BL4,acupuncture,20min
1035,443,LI14|BL26|KI1,KI1|CV13,acupuncture,20min
1036,255,BL16|GB35|GV6,PC4|PC2,acupuncture,20min
1037,83,KI19|LI15|BL43,PC5|BL10,acupuncture,20min
1038,251,LU8|BL35|BL37,KI25|BL62,acupuncture,20min
1039,231,PC8|BL50|GB25,LI4|GB42,acupuncture,20min
1040,413,BL33|BL39|SI8,HT2|GB9,acupuncture,20min
1041,439,GV3|LI4|KI26,ST36|SI19,acupuncture,20min
1042,438,BL65|BL8|KI16,KI4|ST36,acupuncture,20min
1043,149,GV16|SP19|KI23,BL48|CV22,acupuncture,20min
1044,310,LI17|ST25|KI12,GV15|BL47,acupuncture,20min
1045,356,GV3|BL53|SI12,LI17|LU5,acupuncture,20min
1046,90,CV9|KI26|SP7,SP20|ST30,acupuncture,20min
1047,494,SP2|BL26|SP17,TE4|PC1,acupuncture,20min
1048,206,TE17|CV19|GV28,TE15|BL35,acupuncture,20min
1049,15,ST38|BL37|GV5,ST4|KI8,acupuncture,20min
1050,48,ST23|ST10|SP15,BL19|ST21,acupuncture,20min
1051,328,BL66|GB7|BL4,GB23|GB14,acupuncture,20min
1052,56,KI7|LI20|LU4,GB24|LU8,acupuncture,20min
1053,365,TE15|LR7|GB14,KI11|TE19,acupuncture,20min
1054,89,GB3|GB36|ST35,HT4|ST10,acupuncture,20min
1055,477,LR1|LR10|BL59,PC9|LU7,acupuncture,20min
1056,437,BL15|TE1|ST39,KI18|BL10,acupuncture,20min
1057,374,SP9|GV18|KI26,ST8|ST45,acupuncture,20min
1058,129,ST26|SP9|LI17,HT8|GB20,acupuncture,20min
1059,178,SI12|TE18|BL51,SI11|PC2,acupuncture,20min
1060,237,CV20|LR7|KI6,GB22|LI14,acupuncture,20min
1061,136,GB33|BL55|GV17,SP11|BL64,acupuncture,20min
1062,344,GB13|SP14|BL34,ST35|ST33,acupuncture,20min
1063,450,GB35|CV19|SI14,GB7|BL42,acupuncture,20min
1064,347,BL5|BL61|BL13,LI14|LI6,acupuncture,20min
1065,147,PC1|BL6|BL32,GV26|BL64,acupuncture,20min
1066,433,GV25|TE12|BL49,ST44|HT4,acupuncture,20min
1067,479,ST9|ST27|ST41,HT3|SP3,acupuncture,20min
1068,350,TE2|BL22|GB25,GV6|GB1,acupuncture,20min
1069,392,GV9|ST13|TE3,PC6|KI12,acupuncture,20min
1070,329,HT9|SI19|CV4,BL26|GV22,acupuncture,20min
1071,99,CV11|SP10|TE23,SP11|LI5,acupuncture,20min
1072,420,GB34|GB25|KI3,CV14|SP11,acupuncture,20min
1073,278,ST7|TE16|BL57,LU7|GV27,acupuncture,20min
1074,424,ST1|ST4|GV2,KI7|BL2,acupuncture,20min
1075,17,LI11|BL6|BL44,GV17|HT3,acupuncture,20min
1076,258,KI6|GV3|SI12,BL42|GB29,acupuncture,20min
1077,435,ST44|BL12|GV11,SI12|BL45,acupuncture,20min
1078,404,SI12|BL32|LU7,LI8|CV22,acupuncture,20min
1079,226,GV16|ST23|GB13,ST5|KI11,acupuncture,20min
1080,432,TE15|GB8|BL22,GB13|ST4,acupuncture,20min
1081,131,KI26|BL52|SP13,BL18|BL6,acupuncture,20min
1082,28,CV7|BL60|BL9,BL10|KI27,acupuncture,20min
1083,34,GB22|SI2|GB23,BL61|CV16,acupuncture,20min
1084,361,TE16|LR14|GV9,SI6|TE3,acupuncture,20min
1085,334,GB32|ST24|LU8,GV20|CV15,acupuncture,20min
1086,64,CV6|BL40|SI18,GV21|LR11,acupuncture,20min
1087,339,ST45|GB24|TE6,GB7|GB12,acupuncture,20min
1088,297,BL6|GB25|KI6,GV10|GB40,acupuncture,20min
1089,454,KI26|LR6|GB20,GB13|SP4,acupuncture,20min
1090,247,CV17|LR12|ST1,BL32|BL37,acupuncture,20min
1091,141,LR2|CV23|ST38,TE18|ST23,acupuncture,20min
1092,120,TE3|CV12|ST40,BL5|KI1,acupuncture,20min
1093,364,LI8|ST15|LR12,GB26|KI4,acupuncture,20min
1094,426,BL5|SP14|BL13,ST37|HT8,acupuncture,20min
1095,84,GB35|GV24|SI10,LR9|TE3,acupuncture,20min
1096,78,GB16|SI15|SI16,GB40|ST22,acupuncture,20min
1097,16,ST27|GV22|CV1,GB31|GB5,acupuncture,20min
1098,265,KI9|SP5|GB40,SI2|SP13,acupuncture,20min
1099,86,GB13|LI15|LR1,GB35|SI3,acupuncture,20min
1100,95,ST44|ST32|LI12,ST29|LU8,acupuncture,20min
1101,355,SI12|SP14|LU2,LU9|ST2,acupuncture,20min
1102,59,GB17|KI6|TE9,PC4|KI3,acupuncture,20min
1103,344,LI13|LI5|GB10,GV15|LR11,acupuncture,20min
1104,6,GB35|CV10|TE19,KI6|ST32,acupuncture,20min
1105,197,GB30|ST12|BL27,SP21|BL66,acupuncture,20min
1106,149,ST17|BL23|ST1,SI15|GB33,acupuncture,20min
1107,302,BL39|GV24|SI19,GV20|ST13,acupuncture,20min
1108,401,GB11|LI14|TE20,BL17|KI24,acupuncture,20min
1109,159,GB31|GV20|ST40,HT3|BL37,acupuncture,20min
1110,18,KI18|LR7|BL37,CV10|ST20,acupuncture,20min
1111,469,LU2|HT5|LU9,TE7|KI15,acupuncture,20min
1112,488,SP18|LU2|BL65,BL18|BL44,acupuncture,20min
1113,11,LR7|KI3|PC6,ST8|BL45,acupuncture,20min
1114,200,CV16|LI13|PC5,PC3|CV6,acupuncture,20min
1115,464,KI25|BL13|ST17,ST7|LU7,acupuncture,20min
1116,363,GV23|KI10|BL65,BL29|ST14,acupuncture,20min
1117,414,ST16|CV24|SI10,BL20|LU1,acupuncture,20min
1118,315,TE1|GB27|BL41,ST21|KI13,acupuncture,20min
1119,268,LR8|BL13|GV8,TE13|LI11,acupuncture,20min
1120,221,GV6|LU8|BL64,GB37|HT3,acupuncture,20min
1121,73,KI23|GB30|HT7,BL26|GB33,acupuncture,20min
1122,208,KI2|GB23|GB40,GB39|GV10,acupuncture,20min
1123,271,SP6|KI7|GV2,TE8|LU8,acupuncture,20min
1124,267,SI14|GB26|PC3,GB35|GB34,acupuncture,20min
1125,350,GV17|GB39|ST30,TE14|GB20,acupuncture,20min
1126,187,CV2|GV20|TE21,GV6|ST7,acupuncture,20min
1127,186,LI5|BL65|LR8,PC1|SP17,acupuncture,20min
1128,12,TE5|ST9|GB41,TE5|KI2,acupuncture,20min
1129,483,CV18|LR10|SI16,ST34|LI1,acupuncture,20min
1130,233,ST14|ST37|PC2,CV23|BL59,acupuncture,20min
1131,195,GV15|GB17|LR1,GB36|SP20,acupuncture,20min
1132,390,LU8|BL30|ST10,GB33|LU3,acupuncture,20min
1133,185,GB42|BL64|ST41,ST7|TE9,acupuncture,20min
1134,250,BL47|GB11|BL36,ST30|TE8,acupuncture,20min
1135,250,TE6|BL24|ST16,CV7|ST40,acupuncture,20min
1136,50,BL27|KI6|LR14,SP19|ST8,acupuncture,20min
1137,144,GB27|CV8|GV22,GB32|ST44,acupuncture,20min
1138,224,ST17|GV3|LR9,KI15|ST40,acupuncture,20min
1139,483,BL12|SP15|SP8,ST42|LR14,acupuncture,20min
1140,231,TE17|BL47|GB12,LR6|ST8,acupuncture,20min
1141,54,LI17|BL11|BL63,BL12|ST37,acupuncture,20min
1142,249,GB33|BL53|CV12,BL26|BL66,acupuncture,20min
1143,2,LI13|BL39|PC4,GB8|ST34,acupuncture,20min
1144,426,LR1|ST42|ST34,BL63|GB4,acupuncture,20min
1145,324,LU1|GB44|LU10,LI15|ST2,acupuncture,20min
1146,141,KI13|SI7|CV24,BL51|KI18,acupuncture,20min
1147,143,LI17|TE8|SP12,SI3|ST39,acupuncture,20min
1148,313,TE13|SP15|GB7,SP8|GB36,acupuncture,20min
1149,249,BL43|BL19|LU3,LI19|ST15,acupuncture,20min
1150,353,GB16|GV25|GB14,SP18|SP7,acupuncture,20min
1151,215,BL10|TE4|SI18,ST16|ST39,acupuncture,20min
1152,247,ST7|KI8|GB27,BL67|LU4,acupuncture,20min
1153,358,ST3|LI20|BL55,GB37|GV20,acupuncture,20min
1154,500,LI20|ST16|ST29,GB44|BL66,acupuncture,20min
1155,418,LU1|GV4|SP16,TE10|ST25,acupuncture,20min
1156,42,GV28|ST14|BL37,SP20|KI27,acupuncture,20min
1157,421,LI12|BL61|SI11,PC7|LI17,acupuncture,20min
1158,237,GB41|ST39|HT6,LI12|LI6,acupuncture,20min
1159,8,ST6|PC2|LR9,BL36|CV12,acupuncture,20min
1160,45,LU3|TE20|BL7,CV22|GV26,acupuncture,20min
1161,358,GB8|GB43|BL35,GB37|BL43,acupuncture,20min
1162,268,BL26|SI11|GV22,ST42|GB40,acupuncture,20min
1163,110,TE12|KI20|LR9,GB34|GB43,acupuncture,20min
1164,143,KI20|BL52|ST37,LR10|BL7,acupuncture,20min
1165,407,TE14|ST29|KI20,ST15|GV11,acupuncture,20min
1166,416,GB13|ST42|TE15,HT7|BL35,acupuncture,20min
1167,133,GB25|ST12|SI4,ST6|LI8,acupuncture,20min
1168,340,BL46|LI13|SP3,BL56|GB37,acupuncture,20min
1169,36,GV4|KI15|SI8,CV14|SP18,acupuncture,20min
1170,132,TE12|BL27|SI4,BL60|PC6,acupuncture,20min
1171,272,GB18|SI18|BL48,SP2|KI24,acupuncture,20min
1172,20,LI20|KI16|BL15,GB29|PC4,acupuncture,20min
1173,113,PC1|TE2|HT3,LR7|GB30,acupuncture,20min
1174,281,BL4|BL29|GB27,GB7|HT3,acupuncture,20min
1175,472,BL31|SP15|BL38,SI11|KI4,acupuncture,20min
1176,25,GV14|BL28|KI16,ST40|GB26,acupuncture,20min
1177,475,BL45|BL47|LI17,TE1|PC9,acupuncture,20min
1178,230,BL17|CV24|LI15,KI10|BL60,acupuncture,20min
1179,492,GV9|BL47|BL56,ST10|BL62,acupuncture,20min
1180,374,KI12|SP6|HT9,GB39|SP18,acupuncture,20min
1181,462,LU5|LR10|LI7,GB26|BL46,acupuncture,20min
1182,359,BL42|ST24|LI11,GB2|GV14,acupuncture,20min
1183,456,BL34|LI4|CV5,LR13|ST22,acupuncture,20min
1184,399,SI14|ST21|ST12,ST21|TE9,acupuncture,20min
1185,10,GB9|KI7|ST18,LR13|CV15,acupuncture,20min
1186,350,ST42|BL44|BL27,CV24|PC9,acupuncture,20min
1187,87,KI8|LI17|CV15,CV23|SP15,acupuncture,20min
1188,471,GV16|LI2|KI16,GV9|BL65,acupuncture,20min
1189,350,SI14|BL37|BL13,CV21|ST12,acupuncture,20min
1190,94,SP15|LU1|ST12,CV5|ST39,acupuncture,20min
1191,6,PC6|BL36|GB39,BL58|LI20,acupuncture,20min
1192,164,SP5|KI22|CV22,LI15|ST10,acupuncture,20min
1193,495,ST26|BL48|SI4,SP18|BL53,acupuncture,20min
1194,325,GV27|CV15|LR7,BL8|PC7,acupuncture,20min
1195,23,GV8|BL49|LI6,PC6|BL20,acupuncture,20min
1196,433,GB2|ST21|PC8,CV24|HT1,acupuncture,20min
1197,477,ST36|TE10|LR10,GB31|LI15,acupuncture,20min
1198,15,BL57|LR8|CV9,BL63|GV21,acupuncture,20min
1199,202,SI13|CV5|ST3,LI14|LU5,acupuncture,20min
1200,396,BL23|CV10|GV10,SI5|BL31,acupuncture,20min
1201,2,LU7|HT8|CV17,LR2|ST30,acupuncture,20min
1202,220,BL18|BL54|ST34,LI6|SI4,acupuncture,20min
1203,33,LI13|GB9|GV5,CV21|BL21,acupuncture,20min
1204,466,ST6|GB27|BL29,GV12|GV6,acupuncture,20min
1205,316,ST18|SI8|GV26,BL48|GV7,acupuncture,20min
1206,466,SP14|GB29|BL59,BL53|SI19,acupuncture,20min
1207,24,BL67|CV15|GB40,BL50|ST45,acupuncture,20min
1208,209,BL61|KI7|ST6,LI7|LI20,acupuncture,20min
1209,10,TE22|GB41|LR1,LU7|GV21,acupuncture,20min
1210,38,KI12|GB42|PC1,GB30|LI20,acupuncture,20min
1211,23,GB29|KI7|PC6,TE17|BL10,acupuncture,20min
1212,356,CV20|SI18|TE18,GB6|BL12,acupuncture,20min
1213,292,CV12|ST34|SI6,CV3|HT3,acupuncture,20min
1214,442,BL23|BL33|LR3,CV21|BL67,acupuncture,20min
1215,235,SI10|LU11|LU2,KI10|GB1,acupuncture,20min
1216,112,KI2|SP5|BL47,BL43|LU5,acupuncture,20min
1217,253,SP7|GV16|BL54,LU6|ST7,acupuncture,20min
1218,461,SI3|KI3|BL36,BL6|ST36,acupuncture,20min
1219,276,KI9|SP19|BL22,ST24|TE8,acupuncture,20min
1220,96,BL6|SP19|LR4,ST1|GV13,acupuncture,20min
1221,405,CV2|GB43|CV23,SP1|SI7,acupuncture,20min
1222,8,SI8|BL33|BL45,ST18|ST5,acupuncture,20min
1223,430,LI6|GB42|LI10,GV21|KI24,acupuncture,20min
1224,327,CV10|LI13|BL58,BL1|LU3,acupuncture,20min
1225,125,GB26|GB34|KI20,GB11|BL5,acupuncture,20min
1226,202,LU8|SP2|ST29,ST15|KI5,acupuncture,20min
1227,145,PC9|SI7|ST39,GV7|LU4,acupuncture,20min
1228,285,CV11|BL47|TE6,BL47|GB38,acupuncture,20min
1229,45,GB28|TE3|BL41,GB39|SP20,acupuncture,20min
1230,203,SP12|LR9|KI25,BL35|SP10,acupuncture,20min
1231,412,LI13|SI13|SI18,KI23|CV7,acupuncture,20min
1232,190,SP16|LU5|CV19,ST42|TE7,acupuncture,20min
1233,237,BL57|GB16|SP20,ST9|BL6,acupuncture,20min
1234,1,TE10|LI2|CV19,LR11|ST34,acupuncture,20min
1235,116,PC9|ST28|ST16,BL52|SP7,acupuncture,20min
1236,359,GB31|LU4|SP17,SP21|PC2,acupuncture,20min
1237,88,SP11|ST20|GV23,GV3|CV2,acupuncture,20min
1238,294,ST4|BL56|GB18,ST33|GB17,acupuncture,20min
1239,49,TE23|LU3|CV15,BL63|GB39,acupuncture,20min
1240,109,PC4|ST24|ST27,GB7|PC5,acupuncture,20min
1241,374,GB24|BL66|BL46,GB31|ST11,acupuncture,20min
1242,499,LR7|BL36|GB41,TE10|CV17,acupuncture,20min
1243,196,TE13|SP10|CV24,CV17|ST18,acupuncture,20min
1244,470,GB34|GB14|LI12,LI15|BL49,acupuncture,20min
1245,440,SI16|TE18|GB23,CV22|GV1,acupuncture,20min
1246,483,SI5|ST4|GB30,KI1|GV3,acupuncture,20min
1247,412,SP4|GB10|LR3,TE18|SP13,acupuncture,20min
1248,337,GB10|BL17|BL45,BL35|LI17,acupuncture,20min
1249,84,ST19|GB13|ST40,SP11|TE17,acupuncture,20min
1250,315,LU1|LI17|SP15,GB32|SI4,acupuncture,20min
1251,70,BL26|GB24|ST35,GV12|SI12,acupuncture,20min
1252,143,CV3|SP4|LI20,BL5|ST15,acupuncture,20min
1253,474,BL18|TE22|GV27,SI3|ST37,acupuncture,20min
1254,296,GB18|ST26|ST3,KI24|BL60,acupuncture,20min
1255,65,LR14|HT4|CV22,LU6|CV8,acupuncture,20min
1256,107,GV13|LU7|ST35,LI8|GV16,acupuncture,20min
1257,437,LI15|BL17|CV20,SP1|SI7,acupuncture,20min
1258,436,ST37|ST36|PC6,GB4|BL59,acupuncture,20min
1259,368,ST35|CV20|ST22,SI19|BL66,acupuncture,20min
1260,214,HT3|LI11|ST36,GB7|ST17,acupuncture,20min
1261,101,BL47|LI14|KI17,BL5|KI11,acupuncture,20min
1262,119,LU2|CV13|LI19,BL52|LR10,acupuncture,20min
1263,463,PC7|TE6|TE8,BL58|KI12,acupuncture,20min
1264,68,LR5|ST19|GV4,GB25|SI9,acupuncture,20min
1265,307,ST6|CV14|LI1,GV25|SP7,acupuncture,20min
1266,241,ST15|KI21|CV13,CV15|ST7,acupuncture,20min
1267,299,BL28|KI2|GV3,LI10|SP6,acupuncture,20min
1268,127,GB21|SI6|ST31,LI4|BL10,acupuncture,20min
1269,201,GB27|BL17|ST4,GV9|KI7,acupuncture,20min
1270,481,SP8|SP2|GB40,ST11|HT7,acupuncture,20min
1271,29,ST30|KI23|TE22,LU8|GB6,acupuncture,20min
1272,431,BL63|KI16|GB35,BL64|KI22,acupuncture,20min
1273,359,KI10|TE8|LI10,KI5|SI14,acupuncture,20min
1274,412,KI10|SP3|ST13,GB42|GB12,acupuncture,20min
1275,147,KI10|BL61|LI20,BL31|LR3,acupuncture,20min
1276,495,BL6|BL29|GV27,LI8|PC7,acupuncture,20min
1277,310,PC2|KI9|HT4,CV14|BL32,acupuncture,20min
1278,5,SP21|SI10|GB40,KI22|BL52,acupuncture,20min
1279,233,BL30|GV23|GV1,KI1|SP10,acupuncture,20min
1280,223,HT1|ST36|SP11,KI6|ST38,acupuncture,20min
1281,111,ST30|ST15|BL27,ST45|BL6,acupuncture,20min
1282,285,KI19|CV4|ST40,BL51|GV27,acupuncture,20min
1283,52,CV20|BL40|BL12,CV8|SP2,acupuncture,20min
1284,274,CV11|GB13|GB12,GV17|LI10,acupuncture,20min
1285,379,GB2|LR10|CV15,GV8|ST20,acupuncture,20min
1286,371,GV10|KI17|ST45,GV19|SI17,acupuncture,20min
1287,350,BL35|ST13|GV28,LR13|GB42,acupuncture,20min
1288,174,KI3|BL10|SI7,HT6|GB36,acupuncture,20min
1289,456,SI17|ST38|BL20,TE8|SP20,acupuncture,20min
1290,121,BL63|CV5|LI19,BL62|GB22,acupuncture,20min
1291,415,SI10|BL1|BL9,HT7|LI7,acupuncture,20min
1292,435,CV17|SI18|ST9,ST10|BL63,acupuncture,20min
1293,192,CV6|GB20|GB5,KI16|LI4,acupuncture,20min
1294,289,BL12|BL65|TE12,KI8|CV17,acupuncture,20min
1295,206,CV9|BL13|GB5,BL45|TE5,acupuncture,20min
1296,185,LR6|BL13|GV17,BL47|HT6,acupuncture,20min
1297,439,SI17|PC5|BL65,GB38|TE14,acupuncture,20min
1298,196,BL14|KI10|KI6,LR10|GB7,acupuncture,20min
1299,41,ST2|PC2|SI1,BL19|ST34,acupuncture,20min
1300,275,SP15|BL51|BL22,BL65|LI1,acupuncture,20min
1301,470,CV21|LU5|GB43,BL46|GV8,acupuncture,20min
1302,390,BL32|GB10|ST14,BL50|SP19,acupuncture,20min
1303,295,KI13|LR11|ST43,BL41|BL66,acupuncture,20min
1304,58,KI4|KI12|BL30,TE1|SP18,acupuncture,20min
1305,123,SI17|LU7|TE5,BL17|ST39,acupuncture,20min
1306,198,BL64|LR7|ST30,BL12|SP17,acupuncture,20min
1307,334,ST32|BL22|LI16,CV5|BL11,acupuncture,20min
1308,482,GB28|LR4|HT4,BL2|SP5,acupuncture,20min
1309,110,KI21|ST29|BL30,BL38|BL34,acupuncture,20min
1310,337,LI18|TE4|GB40,KI20|SI7,acupuncture,20min
1311,16,TE7|SI10|ST23,CV12|LU10,acupuncture,20min
1312,482,GB23|GV22|CV15,ST32|GB3,acupuncture,20min
1313,41,GB21|BL58|SP10,ST42|ST31,acupuncture,20min
1314,144,BL64|GB31|TE1,ST17|GB35,acupuncture,20min
1315,144,BL38|SP5|SI2,BL61|GV28,acupuncture,20min
1316,137,SP15|PC3|GB8,TE8|BL8,acupuncture,20min
1317,58,CV12|GV25|CV11,GB5|LI14,acupuncture,20min
1318,479,GB4|HT3|GV21,SP8|GV23,acupuncture,20min
1319,408,CV10|LI2|CV18,GB20|KI19,acupuncture,20min
1320,232,BL50|ST45|SI8,PC9|TE9,acupuncture,20min
1321,166,ST37|LR1|PC2,KI13|CV13,acupuncture,20min
1322,58,KI17|SP21|HT3,TE12|LU2,acupuncture,20min
1323,359,BL18|ST1|GV22,LI13|GV14,acupuncture,20min
1324,13,BL58|SP3|PC6,GB24|ST2,acupuncture,20min
1325,24,BL64|BL42|GV24,GB15|CV1,acupuncture,20min
1326,92,LI8|LI2|SP2,TE20|CV13,acupuncture,20min
1327,238,ST35|ST3|BL34,SP20|BL39,acupuncture,20min
1328,310,CV3|HT3|ST31,KI26|LI3,acupuncture,20min
1329,394,BL30|SI11|GB43,CV18|ST33,acupuncture,20min
1330,45,SI6|KI12|GB20,GV13|CV19,acupuncture,20min
1331,102,GB3|SP9|LI7,HT5|ST32,acupuncture,20min
1332,266,KI2|GV10|BL53,BL55|SP3,acupuncture,20min
1333,96,KI9|SP15|LI3,LR13|GV22,acupuncture,20min
1334,66,GB44|GV15|TE21,BL2|BL52,acupuncture,20min
1335,110,BL67|GV7|BL56,CV1|CV13,acupuncture,20min
1336,355,SI15|ST45|SP11,SP2|GV19,acupuncture,20min
1337,458,PC8|SI11|CV22,GV7|HT1,acupuncture,20min
1338,148,GB17|LR14|GV3,SP14|LU1,acupuncture,20min
1339,401,BL62|TE15|CV17,CV19|SI8,acupuncture,20min
1340,219,BL57|SI10|ST36,SI11|KI25,acupuncture,20min
1341,204,ST14|GB9|BL55,LI7|TE13,acupuncture,20min
1342,262,ST16|LI15|GB32,TE8|LI13,acupuncture,20min
1343,392,SP20|KI8|GV2,GB4|ST31,acupuncture,20min
1344,51,GB8|SP6|HT6,KI4|LI9,acupuncture,20min
1345,52,LU8|GB1|ST33,SP4|KI11,acupuncture,20min
1346,348,BL57|GV22|GB33,SI8|GB35,acupuncture,20min
1347,342,GB36|GV15|SP18,ST15|GB2,acupuncture,20min
1348,400,GV14|PC4|BL10,GB23|BL8,acupuncture,20min
1349,386,KI15|TE17|HT6,BL42|PC8,acupuncture,20min
1350,354,BL10|ST37|ST44,SI2|SI5,acupuncture,20min
1351,325,SP3|ST42|SP7,GB10|LU9,acupuncture,20min
1352,178,ST24|GV3|BL25,BL5|SP3,acupuncture,20min
1353,351,GB36|CV7|GB39,SP3|CV4,acupuncture,20min
1354,30,GV15|SP19|SP16,BL57|KI16,acupuncture,20min
1355,191,KI2|SP18|GV8,BL48|SI3,acupuncture,20min
1356,405,GV27|LI15|KI8,SI19|GV17,acupuncture,20min
1357,273,TE18|BL1|ST4,GV23|ST28,acupuncture,20min
1358,142,LI18|BL15|KI12,CV14|GB1,acupuncture,20min
1359,162,ST23|SI15|LU4,TE21|CV6,acupuncture,20min
1360,288,SI12|GB36|BL32,ST32|GV26,acupuncture,20min
1361,113,BL41|SP1|LU7,CV1|ST6,acupuncture,20min
1362,261,KI6|SP14|KI14,CV2|LI19,acupuncture,20min
1363,425,BL22|CV3|KI13,SI12|GB42,acupuncture,20min
1364,161,TE15|GV28|BL63,KI6|ST2,acupuncture,20min
1365,129,BL17|TE16|LI13,BL61|BL39,acupuncture,20min
1366,35,GB41|ST7|SP14,GV12|CV1,acupuncture,20min
1367,40,BL64|ST14|PC1,BL13|ST6,acupuncture,20min
1368,140,GB39|CV8|BL51,BL44|PC1,acupuncture,20min
1369,370,LU9|GB41|CV7,ST16|LR1,acupuncture,20min
1370,231,KI1|LR9|SI3,LR8|BL40,acupuncture,20min
1371,245,GB30|GB4|BL59,SP19|LI20,acupuncture,20min
1372,223,LU1|ST40|LU10,BL5|SP11,acupuncture,20min
1373,444,SP6|CV5|LU8,ST6|GV10,acupuncture,20min
1374,46,GV25|GB4|ST19,ST39|CV2,acupuncture,20min
1375,125,SP1|BL33|ST7,HT7|GB42,acupuncture,20min
1376,291,PC2|GV9|KI15,TE9|GB22,acupuncture,20min
1377,489,GV23|TE5|KI16,LI8|GB39,acupuncture,20min
1378,219,GB17|TE15|SI5,ST7|SP9,acupuncture,20min
1379,395,GB1|TE20|SI13,ST10|LR14,acupuncture,20min
1380,346,SP19|ST37|PC6,GV25|KI8,acupuncture,20min
1381,494,LI4|TE8|BL49,CV20|LR1,acupuncture,20min
1382,279,GB21|GB23|GV10,TE16|GV24,acupuncture,20min
1383,482,KI24|BL56|SI16,GV18|SI1,acupuncture,20min
1384,159,GV15|CV14|GB42,CV21|CV18,acupuncture,20min
1385,395,HT7|ST29|LR14,ST16|GV14,acupuncture,20min
1386,489,KI4|BL44|BL34,SP21|LI5,acupuncture,20min
1387,94,GB12|CV8|LR2,GV18|BL47,acupuncture,20min
1388,62,SI14|ST33|ST44,LI13|SP6,acupuncture,20min
1389,249,LR6|ST5|BL56,LI2|BL54,acupuncture,20min
1390,234,KI2|BL15|BL20,GB38|GV19,acupuncture,20min
1391,72,BL21|TE18|LU4,LI15|LU1,acupuncture,20min
1392,159,KI24|GB37|TE10,KI11|BL32,acupuncture,20min
1393,153,GB28|CV4|PC4,GB4|KI14,acupuncture,20min
1394,454,GB43|TE2|LR9,TE3|BL34,acupuncture,20min
1395,219,ST15|KI23|HT7,KI6|BL53,acupuncture,20min
1396,12,CV17|LI7|BL7,BL45|LI6,acupuncture,20min
1397,113,KI17|BL1|BL56,BL37|CV21,acupuncture,20min
1398,500,TE13|HT5|LI9,LR7|KI6,acupuncture,20min
1399,493,BL15|GB39|KI27,GV7|SP20,acupuncture,20min
1400,290,TE10|PC7|ST10,ST26|GV17,acupuncture,20min
1401,195,GV24|BL59|ST40,GB41|CV20,acupuncture,20min
1402,190,SI9|BL40|HT9,LI15|CV19,acupuncture,20min
1403,180,LR9|TE11|LU5,SP16|BL64,acupuncture,20min
1404,212,ST26|SP7|GB20,SP7|TE9,acupuncture,20min
1405,41,CV9|HT9|KI27,BL29|SI15,acupuncture,20min
1406,436,BL36|GV6|BL24,GB18|GV9,acupuncture,20min
1407,179,GB36|GB41|BL47,GV5|KI10,acupuncture,20min
1408,153,BL20|KI20|GV28,PC4|BL2,acupuncture,20min
1409,364,BL45|BL10|BL25,SI8|BL33,acupuncture,20min
1410,203,BL7|ST7|BL32,GV5|ST32,acupuncture,20min
1411,125,GB41|LR14|LR7,BL1|GV3,acupuncture,20min
1412,116,BL8|BL17|LR2,TE3|BL21,acupuncture,20min
1413,270,GB44|BL14|KI18,BL11|LU9,acupuncture,20min
1414,75,CV10|GV28|CV22,GB37|SP12,acupuncture,20min
1415,216,SI9|LI14|LR9,BL44|GB6,acupuncture,20min
1416,343,ST35|GV1|TE17,SI6|GB44,acupuncture,20min
1417,52,GB22|GV20|GB17,LR4|BL14,acupuncture,20min
1418,229,BL3|SP5|ST23,LU5|GB42,acupuncture,20min
1419,441,ST36|ST1|CV17,SP13|ST28,acupuncture,20min
1420,179,TE18|LI12|BL43,BL30|GB15,acupuncture,20min
1421,173,HT2|BL22|GV14,KI20|BL65,acupuncture,20min
1422,126,TE14|LR5|ST37,ST34|LI9,acupuncture,20min
1423,222,LU6|LI11|BL30,BL18|GB40,acupuncture,20min
1424,115,BL31|KI4|ST2,ST45|GV4,acupuncture,20min
1425,55,GB40|LI17|LI4,ST42|BL58,acupuncture,20min
1426,440,ST39|ST28|HT8,TE9|BL46,acupuncture,20min
1427,98,KI10|BL58|GB20,LR10|KI9,acupuncture,20min
1428,430,BL45|LR4|BL48,GV13|CV10,acupuncture,20min
1429,473,TE14|LU2|GB34,PC2|ST10,acupuncture,20min
1430,362,GB43|GV4|SI6,ST5|BL9,acupuncture,20min
1431,357,BL60|GB32|BL28,SP21|BL8,acupuncture,20min
1432,38,BL43|KI12|KI7,SI8|ST13,acupuncture,20min
1433,454,SI9|GB27|GB31,BL65|LI14,acupuncture,20min
1434,81,HT8|BL27|SP18,HT1|KI17,acupuncture,20min
1435,159,CV7|ST39|LI7,BL3|HT3,acupuncture,20min
1436,107,TE7|BL25|SP18,BL11|KI17,acupuncture,20min
1437,340,GV27|ST25|LU10,BL30|SI13,acupuncture,20min
1438,346,TE3|LR2|KI21,GB8|CV18,acupuncture,20min
1439,283,GV28|KI11|GB26,LI4|LI6,acupuncture,20min
1440,196,GV25|BL36|ST42,GB41|BL19,acupuncture,20min
1441,332,LR4|LI15|SP3,GV26|ST15,acupuncture,20min
1442,239,CV3|TE22|PC6,BL22|ST2,acupuncture,20min
1443,431,BL10|SP21|LI9,BL30|SI1,acupuncture,20min
1444,407,BL39|LI19|SP4,SI11|GB24,acupuncture,20min
1445,313,BL63|LI14|SP8,SP7|GB36,acupuncture,20min
1446,230,BL19|KI25|KI9,BL49|SP17,acupuncture,20min
1447,267,BL48|SP6|HT5,HT6|ST38,acupuncture,20min
1448,9,SP3|GV11|SI14,LU5|ST39,acupuncture,20min
1449,111,ST38|BL45|KI14,GB43|ST25,acupuncture,20min
1450,102,HT8|LU6|SI12,LI1|SI7,acupuncture,20min
1451,376,BL5|KI18|TE12,PC7|ST4,acupuncture,20min
1452,187,CV18|ST32|CV7,PC1|TE6,acupuncture,20min
1453,313,LU6|PC6|KI27,ST42|TE17,acupuncture,20min
1454,89,GV4|BL53|BL37,BL3|LI19,acupuncture,20min
1455,41,BL18|GV20|BL65,SI2|LI18,acupuncture,20min
1456,418,SP13|SI13|LR3,GB34|BL8,acupuncture,20min
1457,139,TE22|SP12|SI15,LI4|SI5,acupuncture,20min
1458,235,ST37|LI13|ST35,GB26|BL27,acupuncture,20min
1459,368,ST4|LR3|LU9,ST16|TE5,acupuncture,20min
1460,452,SP8|CV2|ST37,BL25|LI16,acupuncture,20min
1461,339,BL67|LI19|PC6,KI20|BL8,acupuncture,20min
1462,326,GB29|TE9|ST22,TE16|GV20,acupuncture,20min
1463,55,CV17|GB3|BL40,BL9|KI20,acupuncture,20min
1464,198,GV10|LR13|SP18,BL11|LI15,acupuncture,20min
1465,447,BL60|GV19|GB27,SI11|GB24,acupuncture,20min
1466,76,PC7|SP3|CV10,TE13|GV14,acupuncture,20min
1467,163,BL49|GB8|ST2,SP17|SP4,acupuncture,20min
1468,198,LR12|LI10|LR5,CV16|BL51,acupuncture,20min
1469,372,KI10|GB23|BL20,BL6|GB9,acupuncture,20min
1470,97,ST45|BL2|TE21,BL3|GV13,acupuncture,20min
1471,67,TE4|GB43|ST9,SP20|ST21,acupuncture,20min
1472,235,ST13|ST14|LI14,ST31|GB21,acupuncture,20min
1473,353,GB12|LI11|SI15,CV20|BL53,acupuncture,20min
1474,470,GB33|KI21|GV6,LI15|CV6,acupuncture,20min
1475,356,ST7|TE5|LI15,TE21|BL25,acupuncture,20min
1476,181,LI8|GV14|SI10,LR12|SP2,acupuncture,20min
1477,356,ST23|LR6|GV9,GV8|BL4,acupuncture,20min
1478,253,BL57|SP16|LR12,BL38|ST26,acupuncture,20min
1479,485,ST22|SP13|SP14,ST42|GB2,acupuncture,20min
1480,233,KI7|BL6|BL3,SI7|GB35,acupuncture,20min
1481,77,SP18|SP8|LU11,BL60|BL24,acupuncture,20min
1482,348,ST43|ST27|KI1,SP15|KI1,acupuncture,20min
1483,196,BL40|CV14|BL9,LR8|GV22,acupuncture,20min
1484,419,HT2|HT3|LU1,CV18|GB26,acupuncture,20min
1485,227,HT4|HT7|BL24,BL26|BL30,acupuncture,20min
1486,261,LU10|BL32|GB7,GB15|GB5,acupuncture,20min
1487,238,LR12|LR3|BL45,LU7|BL14,acupuncture,20min
1488,350,LU11|SP10|LU6,BL67|GV6,acupuncture,20min
1489,314,KI2|GB9|CV14,BL54|ST6,acupuncture,20min
1490,132,BL36|HT1|CV13,TE2|GB4,acupuncture,20min
1491,325,GV11|CV23|SP18,KI12|KI27,acupuncture,20min
1492,213,GV28|SI2|SP6,LR12|BL38,acupuncture,20min
1493,243,SI14|BL13|SP19,TE4|GB4,acupuncture,20min
1494,79,BL39|SP12|SP6,BL59|GB40,acupuncture,20min
1495,278,LU9|KI23|ST11,KI13|BL54,acupuncture,20min
1496,335,ST12|ST42|GV1,ST38|LI4,acupuncture,20min
1497,147,BL64|GB43|SP5,SP2|LR9,acupuncture,20min
1498,22,ST29|ST6|BL41,KI19|SI6,acupuncture,20min
1499,359,SP2|LR8|BL38,BL37|CV4,acupuncture,20min
1500,238,LR3|KI14|SI14,PC5|BL1,acupuncture,20min
1501,424,CV6|SP3|GV22,KI18|SP13,acupuncture,20min
1502,221,GV10|BL27|CV4,SP17|LI11,acupuncture,20min
1503,320,KI2|ST8|BL47,CV3|BL8,acupuncture,20min
1504,174,GB13|LI3|GV22,CV6|GB32,acupuncture,20min
1505,336,ST19|HT3|HT8,ST24|SI9,acupuncture,20min
1506,274,GB25|LI10|LI12,BL15|GB43,acupuncture,20min
1507,43,SI9|CV24|SP5,ST2|GV20,acupuncture,20min
1508,191,SP15|SP2|ST18,SP13|ST9,acupuncture,20min
1509,276,BL27|GB11|CV3,ST27|BL66,acupuncture,20min
1510,256,SP3|PC4|GB28,KI22|GB24,acupuncture,20min
1511,57,KI14|BL28|LU5,ST23|LR4,acupuncture,20min
1512,30,GB21|BL43|BL10,GB34|GB25,acupuncture,20min
1513,1,KI8|BL34|BL32,ST38|CV8,acupuncture,20min
1514,469,LI11|KI7|SP15,GB41|GB7,acupuncture,20min
1515,126,GB4|PC8|GV18,GB18|TE18,acupuncture,20min
1516,206,BL36|GB16|BL43,KI7|GV18,acupuncture,20min
1517,223,BL20|KI13|BL35,ST30|LR11,acupuncture,20min
1518,58,ST36|SI6|BL27,CV1|SP17,acupuncture,20min
1519,39,GV4|ST42|PC5,ST44|SP16,acupuncture,20min
1520,33,HT2|SP18|LU9,BL32|CV17,acupuncture,20min
1521,273,LI13|BL21|SP8,GV5|BL5,acupuncture,20min
1522,470,SI6|ST27|BL20,TE21|GB11,acupuncture,20min
1523,442,GB40|CV22|ST27,ST16|TE14,acupuncture,20min
1524,313,GV6|TE1|SP3,KI17|LR7,acupuncture,20min
1525,270,LR10|GV5|BL18,GB44|CV17,acupuncture,20min
1526,102,ST19|GV25|SP7,GB13|CV21,acupuncture,20min
1527,449,ST26|GB31|LU11,LI19|SI7,acupuncture,20min
1528,382,PC3|KI25|KI18,LU11|CV16,acupuncture,20min
1529,480,SP11|LU2|ST1,LU3|BL54,acupuncture,20min
1530,279,HT4|SP7|GB26,BL48|HT3,acupuncture,20min
1531,324,KI11|SP21|ST19,LU2|BL40,acupuncture,20min
1532,454,LI13|BL43|SP16,BL14|BL1,acupuncture,20min
1533,284,GB21|SI15|GB31,LU1|BL57,acupuncture,20min
1534,338,CV16|SP7|KI22,GV7|SP12,acupuncture,20min
1535,204,GB39|GV5|ST1,LI20|TE3,acupuncture,20min
1536,388,GB23|CV21|PC3,SP8|TE7,acupuncture,20min
1537,456,PC5|SI19|SI11,SP15|GB34,acupuncture,20min
1538,405,HT9|GB6|GV4,KI6|CV8,acupuncture,20min
1539,259,HT8|SI4|TE20,KI17|ST12,acupuncture,20min
1540,468,BL48|GV17|ST28,GV15|GB27,acupuncture,20min
1541,127,KI15|SP15|KI12,TE5|ST23,acupuncture,20min
1542,499,PC4|GB32|BL32,ST25|LU1,acupuncture,20min
1543,406,ST8|HT1|SP4,CV3|GB8,acupuncture,20min
1544,51,SP5|HT6|SI10,GV3|SP3,acupuncture,20min
1545,460,CV8|GB26|GB10,SI9|BL54,acupuncture,20min
1546,245,SP20|TE9|LR13,ST2|GB20,acupuncture,20min
1547,253,BL42|CV22|LU11,KI16|TE19,acupuncture,20min
1548,387,KI6|ST18|GV25,LI12|KI25,acupuncture,20min
1549,326,GV14|BL65|LR3,SP10|LU4,acupuncture,20min
1550,127,GB25|GB17|ST21,GV26|BL12,acupuncture,20min
1551,228,ST8|GV10|ST35,TE12|GV2,acupuncture,20min
1552,57,KI18|ST29|TE8,GB7|CV19,acupuncture,20min
1553,330,BL56|LR9|KI23,LR2|GB23,acupuncture,20min
1554,339,BL2|GB27|CV18,BL29|BL55,acupuncture,20min
1555,360,GB4|SP16|CV9,LU9|SP2,acupuncture,20min
1556,274,KI9|KI1|BL64,CV20|KI13,acupuncture,20min
1557,425,KI5|SP12|GV5,BL57|GB44,acupuncture,20min
1558,158,ST18|ST40|BL41,TE2|HT8,acupuncture,20min
1559,176,GV7|GB9|LR9,GB39|SP8,acupuncture,20min
1560,223,BL42|SI9|LR14,BL15|CV7,acupuncture,20min
1561,454,GV13|GV17|LU5,PC9|BL28,acupuncture,20min
1562,138,ST39|LR2|GV3,LI1|PC9,acupuncture,20min
1563,217,GV13|TE16|ST43,GV8|KI19,acupuncture,20min
1564,317,LR8|BL31|ST2,PC6|GB43,acupuncture,20min
1565,284,KI11|TE21|LI1,GB37|LU2,acupuncture,20min
1566,255,LR10|TE7|BL33,CV15|CV12,acupuncture,20min
1567,436,BL6|GB36|BL56,CV15|GV8,acupuncture,20min
1568,489,GB42|BL21|KI16,BL17|ST8,acupuncture,20min
1569,58,GB10|HT3|GV3,GB8|BL30,acupuncture,20min
1570,266,KI19|TE9|SI19,BL23|TE7,acupuncture,20min
1571,275,GV14|BL51|HT9,KI13|LR3,acupuncture,20min
1572,274,GB23|ST24|KI3,BL25|LR5,acupuncture,20min
1573,406,LI4|BL11|BL24,BL37|LU6,acupuncture,20min
1574,413,GV1|SP10|CV3,GV19|GB13,acupuncture,20min
1575,428,KI10|LU6|BL43,SP12|ST30,acupuncture,20min
1576,21,LI6|SP8|KI13,ST41|TE7,acupuncture,20min
1577,462,KI12|KI13|BL24,GB33|LR14,acupuncture,20min
1578,274,ST1|LU10|GB28,SP16|BL14,acupuncture,20min
1579,1,BL5|BL59|GB16,ST23|SI8,acupuncture,20min
1580,448,GB34|GB26|GB43,GB34|HT1,acupuncture,20min
1581,342,CV4|LI11|BL44,TE20|BL32,acupuncture,20min
1582,378,GB26|GB32|SI16,GV8|LR10,acupuncture,20min
1583,213,TE15|BL10|ST24,GB33|BL53,acupuncture,20min
1584,469,SI16|LU8|SP1,TE1|BL65,acupuncture,20min
1585,348,LU7|LI14|LU1,SI3|LI13,acupuncture,20min
1586,304,BL52|KI8|CV11,KI15|ST22,acupuncture,20min
1587,467,LR11|BL58|GV22,HT8|LU9,acupuncture,20min
1588,134,BL59|KI7|BL25,ST19|GB35,acupuncture,20min
1589,433,GB39|HT2|PC6,GB27|CV4,acupuncture,20min
1590,258,BL26|PC3|TE2,GB41|LI16,acupuncture,20min
1591,242,TE18|LU10|GV26,ST30|GB21,acupuncture,20min
1592,58,SP7|KI21|GV21,LI7|LI5,acupuncture,20min
1593,63,GV15|HT8|KI27,BL66|CV16,acupuncture,20min
1594,487,LI14|SI13|BL14,BL27|BL31,acupuncture,20min
1595,202,BL5|ST37|LR13,LR10|LI12,acupuncture,20min
1596,287,TE20|BL16|CV4,BL51|KI25,acupuncture,20min
1597,194,KI14|BL67|SP9,BL30|LI9,acupuncture,20min
1598,313,ST42|ST34|ST29,BL41|BL52,acupuncture,20min
1599,478,LR11|PC5|TE17,ST40|BL37,acupuncture,20min
1600,312,KI26|SP16|SP19,SP17|ST33,acupuncture,20min
1601,332,LU5|BL45|SI15,SI5|GV17,acupuncture,20min
1602,256,CV1|BL26|PC7,LI5|BL8,acupuncture,20min
1603,148,BL33|TE18|KI8,BL31|GB27,acupuncture,20min
1604,308,CV14|BL42|BL66,LR11|SI9,acupuncture,20min
1605,274,PC5|BL43|SP12,ST19|SI13,acupuncture,20min
1606,497,SI10|BL36|LU4,TE23|ST11,acupuncture,20min
1607,53,ST40|BL23|BL46,BL54|SI6,acupuncture,20min
1608,380,SP10|CV23|LR11,LI18|LU2,acupuncture,20min
1609,485,BL3|KI10|ST35,CV1|SP19,acupuncture,20min
1610,74,ST16|ST4|TE14,SI16|GV19,acupuncture,20min
1611,396,GV16|TE10|GB3,SP5|KI26,acupuncture,20min
1612,317,BL14|GB24|GV20,GB29|BL2,acupuncture,20min
1613,284,BL53|GB34|BL40,CV9|BL40,acupuncture,20min
1614,157,BL42|SP12|SP17,LR5|CV6,acupuncture,20min
1615,52,SP12|CV12|BL53,ST41|BL36,acupuncture,20min
1616,189,KI16|ST29|GB7,BL43|TE23,acupuncture,20min
1617,173,GV6|ST13|TE2,ST4|LI18,acupuncture,20min
1618,158,LI16|GB20|GV18,LI14|BL61,acupuncture,20min
1619,158,LR12|ST17|BL8,TE2|TE5,acupuncture,20min
1620,110,BL13|TE14|SI12,BL63|GV18,acupuncture,20min
1621,375,BL58|ST42|BL28,PC6|GB20,acupuncture,20min
1622,298,BL27|ST27|TE9,ST30|BL58,acupuncture,20min
1623,134,BL29|CV23|GB42,TE8|HT6,acupuncture,20min
1624,119,BL24|LR14|HT8,LI8|BL46,acupuncture,20min
1625,100,TE23|GB11|GB23,LI5|SI8,acupuncture,20min
1626,448,ST33|GB21|SI6,KI24|ST12,acupuncture,20min
1627,267,ST5|CV16|HT6,SI17|GV21,acupuncture,20min
1628,243,LR13|SP18|KI27,LI9|GB12,acupuncture,20min
1629,181,GB9|GB23|SP14,GB35|ST4,acupuncture,20min
1630,5,SP14|TE18|GB28,TE16|HT4,acupuncture,20min
1631,351,BL22|GB34|PC4,SP19|BL37,acupuncture,20min
1632,355,ST2|BL36|SP17,ST32|PC9,acupuncture,20min
1633,475,BL32|KI18|BL43,CV2|SI3,acupuncture,20min
1634,52,BL43|SI10|TE20,GB12|LI15,acupuncture,20min
1635,352,GB12|GB39|ST24,BL58|KI26,acupuncture,20min
1636,255,TE17|SP21|BL25,BL18|KI4,acupuncture,20min
1637,304,ST14|TE18|PC8,KI2|SP8,acupuncture,20min
1638,108,KI12|LR7|ST3,BL34|SI9,acupuncture,20min
1639,132,KI11|ST39|LR6,GV1|GB44,acupuncture,20min
1640,27,KI1|GV14|PC2,BL10|BL50,acupuncture,20min
1641,354,GV4|LR6|GB44,LR5|LI4,acupuncture,20min
1642,284,LI8|ST27|LI14,GB22|LR10,acupuncture,20min
1643,273,BL50|TE18|SI11,LR1|LU9,acupuncture,20min
1644,361,SI14|CV14|BL50,SP8|ST18,acupuncture,20min
1645,268,ST13|GB26|LR10,KI18|CV3,acupuncture,20min
1646,200,BL24|BL23|SP12,GV25|BL26,acupuncture,20min
1647,385,BL17|GB13|GB14,BL28|GV9,acupuncture,20min
1648,225,CV7|GV6|TE7,LR4|BL65,acupuncture,20min
1649,326,SP12|GB37|BL65,GB1|BL44,acupuncture,20min
1650,380,GB42|BL54|GB16,ST34|GB15,acupuncture,20min
1651,37,ST26|LR9|LI16,SP16|ST43,acupuncture,20min
1652,339,PC7|LR4|TE9,GB25|GV3,acupuncture,20min
1653,271,CV3|GV15|ST7,ST40|BL29,acupuncture,20min
1654,461,GB26|SP21|GV19,GV3|TE4,acupuncture,20min
1655,271,ST11|TE9|LU8,BL44|LR3,acupuncture,20min
1656,407,BL29|BL10|BL44,ST20|BL12,acupuncture,20min
1657,201,HT9|KI26|GB4,SP6|GB17,acupuncture,20min
1658,327,GB17|ST23|ST12,SP18|SI6,acupuncture,20min
1659,386,LI5|SI2|GB20,GB7|BL50,acupuncture,20min
1660,126,PC4|GB24|ST28,ST11|LR1,acupuncture,20min
1661,484,GV4|GB1|GB25,ST10|BL16,acupuncture,20min
1662,337,BL48|LR1|LU6,LI1|GV8,acupuncture,20min
1663,240,GB43|GV14|SP10,ST23|PC9,acupuncture,20min
1664,287,LR1|LI14|BL65,BL37|ST45,acupuncture,20min
1665,422,KI26|KI25|LR5,SI1|SI8,acupuncture,20min
1666,382,BL67|ST15|GV13,GV28|BL36,acupuncture,20min
1667,394,GB8|GB25|LU11,TE10|LU7,acupuncture,20min
1668,203,CV6|BL39|HT3,ST34|CV8,acupuncture,20min
1669,41,LU11|ST32|GB44,SI18|LR5,acupuncture,20min
1670,243,LU6|BL3|GB22,ST34|GB43,acupuncture,20min
1671,63,BL33|ST38|GV22,BL37|BL54,acupuncture,20min
1672,354,SI19|KI27|LI11,GB43|LI20,acupuncture,20min
1673,368,GB21|BL43|GB23,ST21|GB7,acupuncture,20min
1674,451,ST32|LI11|BL21,BL43|ST1,acupuncture,20min
1675,206,ST39|BL29|SI3,TE9|HT9,acupuncture,20min
1676,106,ST5|BL51|CV20,GB21|GB4,acupuncture,20min
1677,112,KI3|KI14|ST41,PC7|ST10,acupuncture,20min
1678,291,CV17|BL54|GB10,LR12|KI14,acupuncture,20min
1679,31,BL1|SI2|BL56,SI18|GV8,acupuncture,20min
1680,165,CV24|LU4|GV12,BL46|GB28,acupuncture,20min
1681,231,PC2|ST16|BL63,GV16|BL25,acupuncture,20min
1682,441,CV4|BL2|ST14,GV25|BL47,acupuncture,20min
1683,291,KI6|KI1|SI17,LR5|TE22,acupuncture,20min
1684,195,SP20|BL58|BL53,ST29|ST21,acupuncture,20min
1685,22,BL24|BL2|KI10,CV11|GV6,acupuncture,20min
1686,249,CV1|ST38|GB10,SI17|TE14,acupuncture,20min
1687,305,SP18|TE6|LI4,SP6|GB28,acupuncture,20min
1688,176,KI24|GV24|KI2,KI18|LU3,acupuncture,20min
1689,194,BL3|BL27|SP15,GB16|ST12,acupuncture,20min
1690,212,BL6|BL7|ST5,CV24|CV13,acupuncture,20min
1691,237,ST9|LI7|ST23,GV11|CV20,acupuncture,20min
1692,447,BL41|GV16|HT8,BL47|GB24,acupuncture,20min
1693,500,GV17|BL29|KI18,BL11|LI11,acupuncture,20min
1694,287,BL67|ST33|LI9,SP21|CV6,acupuncture,20min
1695,5,GB29|LU1|ST39,GB1|SI4,acupuncture,20min
1696,217,BL11|ST43|TE22,KI23|SI1,acupuncture,20min
1697,133,ST38|GB10|ST22,BL10|GV16,acupuncture,20min
1698,387,CV10|BL14|TE5,ST29|GB20,acupuncture,20min
1699,475,LR2|SI12|LR9,BL38|SI3,acupuncture,20min
1700,215,LI1|GB44|KI19,GB44|LI12,acupuncture,20min
1701,441,GB3|KI14|BL9,CV19|CV1,acupuncture,20min
1702,89,GV2|GV12|CV18,LU2|GB41,acupuncture,20min
1703,261,SP13|GB8|GB24,BL18|GV6,acupuncture,20min
1704,439,TE5|BL14|BL39,BL55|ST27,acupuncture,20min
1705,434,SI16|BL44|GB25,TE5|ST39,acupuncture,20min
1706,11,GB1|ST33|TE5,BL12|HT4,acupuncture,20min
1707,404,GV20|KI26|GB33,GB36|ST31,acupuncture,20min
1708,157,ST24|KI5|BL14,LI7|HT7,acupuncture,20min
1709,260,SI1|LR8|GB7,GB17|ST3,acupuncture,20min
1710,334,GB2|HT9|GB30,TE13|PC8,acupuncture,20min
1711,208,BL59|GB12|SI8,SI14|SI4,acupuncture,20min
1712,49,BL21|TE16|TE3,LU8|BL4,acupuncture,20min
1713,468,SI14|LU5|GV1,LU7|GV10,acupuncture,20min
1714,448,ST27|BL54|HT2,GB12|GV18,acupuncture,20min
1715,203,KI23|LI1|SP20,GB29|ST35,acupuncture,20min
1716,474,ST38|BL54|BL11,SP10|LI10,acupuncture,20min
1717,458,BL10|ST4|GV27,SP12|SI14,acupuncture,20min
1718,231,ST13|GV4|LI7,GV26|BL58,acupuncture,20min
1719,34,TE9|ST38|LU4,BL13|BL19,acupuncture,20min
1720,303,LU11|LI18|CV17,GB3|CV17,acupuncture,20min
1721,82,CV24|BL15|ST21,GB39|SI5,acupuncture,20min
1722,39,BL14|BL66|SI17,GB32|GV21,acupuncture,20min
1723,51,LI20|GV10|TE20,GV7|BL34,acupuncture,20min
1724,15,GV16|ST43|BL17,GB28|TE11,acupuncture,20min
1725,131,LR6|GB35|TE16,SP2|KI8,acupuncture,20min
1726,192,GB44|KI17|HT8,SP18|SP15,acupuncture,20min
1727,149,ST10|GB3|BL28,ST43|SP19,acupuncture,20min
1728,110,LU8|BL11|CV19,GV22|CV8,acupuncture,20min
1729,425,SP13|KI23|ST21,ST25|GB23,acupuncture,20min
1730,196,GV10|LI16|LI8,HT2|BL32,acupuncture,20min
1731,111,GB19|PC2|ST20,CV16|KI4,acupuncture,20min
1732,205,LI15|TE16|LU7,SP1|GB29,acupuncture,20min
1733,479,TE2|CV19|GV26,SP11|LI18,acupuncture,20min
1734,400,SP2|LI7|LI6,LR10|BL47,acupuncture,20min
1735,293,SI16|KI9|KI21,ST39|ST5,acupuncture,20min
1736,16,BL60|HT4|KI18,GB28|LR4,acupuncture,20min
1737,161,LU6|BL49|TE11,TE16|GV1,acupuncture,20min
1738,70,LI5|LI20|ST19,GB3|SI19,acupuncture,20min
1739,111,BL46|GB38|LU7,LI3|TE9,acupuncture,20min
1740,336,GV7|TE9|ST15,HT1|LI7,acupuncture,20min
1741,105,TE4|SP12|SP7,ST17|ST25,acupuncture,20min
1742,242,GB26|KI3|GB39,LI11|GB10,acupuncture,20min
1743,96,ST8|GV27|KI8,GB3|ST42,acupuncture,20min
1744,381,ST31|LI2|BL5,BL37|BL19,acupuncture,20min
1745,86,KI17|ST27|GB3,ST26|GB41,acupuncture,20min
1746,132,GB30|ST5|TE15,LU4|TE5,acupuncture,20min
1747,423,BL32|BL1|KI17,LI17|ST44,acupuncture,20min
1748,185,SI10|BL30|BL26,ST37|SP19,acupuncture,20min
1749,74,ST43|ST17|GV23,KI12|LU8,acupuncture,20min
1750,387,BL51|SP17|SI4,LR6|BL14,acupuncture,20min
1751,140,ST12|ST42|CV4,LU9|LR4,acupuncture,20min
1752,316,BL32|TE1|TE15,SP17|KI1,acupuncture,20min
1753,329,LI1|SI1|CV9,SP18|KI24,acupuncture,20min
1754,473,GV12|BL56|BL37,ST18|SI10,acupuncture,20min
1755,239,ST36|TE13|KI18,ST10|GV25,acupuncture,20min
1756,69,LR14|BL29|GB35,LI2|CV10,acupuncture,20min
1757,277,BL14|BL52|CV18,BL59|LR5,acupuncture,20min
1758,55,BL55|ST27|KI4,LI8|ST37,acupuncture,20min
1759,490,ST24|GB44|CV5,ST26|BL39,acupuncture,20min
1760,277,GB24|LR3|ST16,SP12|PC2,acupuncture,20min
1761,454,KI16|CV23|BL22,GV2|GB24,acupuncture,20min
1762,406,KI20|BL6|TE18,GB34|PC1,acupuncture,20min
1763,238,GB13|CV9|KI24,ST34|SI4,acupuncture,20min
1764,138,KI3|LI20|LU5,GB6|GB19,acupuncture,20min
1765,384,BL35|TE6|BL8,LI2|GB11,acupuncture,20min
1766,290,SI13|PC6|GV28,GB35|ST15,acupuncture,20min
1767,318,ST26|GB42|LI6,GB1|BL25,acupuncture,20min
1768,23,GB40|ST36|ST13,PC5|BL29,acupuncture,20min
1769,202,LI15|KI15|GB42,GB20|HT7,acupuncture,20min
1770,118,GV3|GV12|ST35,HT5|BL42,acupuncture,20min
1771,139,BL18|GB26|BL13,GB11|PC5,acupuncture,20min
1772,115,TE2|LI10|GB8,SP5|ST30,acupuncture,20min
1773,222,GB43|GB20|KI19,BL39|BL16,acupuncture,20min
1774,86,SP20|ST45|LU5,SP11|ST3,acupuncture,20min
1775,184,HT6|GB1|CV15,ST45|LU8,acupuncture,20min
1776,32,BL44|LU1|SI1,SI6|LU2,acupuncture,20min
1777,128,LU11|LU10|GB30,GB15|KI1,acupuncture,20min
1778,57,BL25|KI15|TE5,SI17|LR9,acupuncture,20min
1779,293,GV5|LU3|LU2,GB14|GB16,acupuncture,20min
1780,208,GB40|ST16|ST32,BL5|ST30,acupuncture,20min
1781,291,LU2|LI1|LR2,ST17|KI5,acupuncture,20min
1782,254,GV13|SP2|SI15,ST41|CV14,acupuncture,20min
1783,484,HT7|TE6|LR3,CV8|GB22,acupuncture,20min
1784,5,LR1|TE8|GV8,LI12|KI7,acupuncture,20min
1785,483,GB27|BL48|BL29,GB28|ST12,acupuncture,20min
1786,126,GB30|KI26|TE18,BL8|KI7,acupuncture,20min
1787,264,LI10|LI15|LI1,LR11|LR7,acupuncture,20min
1788,61,BL17|CV14|SI7,BL3|PC4,acupuncture,20min
1789,268,ST19|BL1|TE1,ST12|ST19,acupuncture,20min
1790,285,ST13|BL38|ST17,CV3|GV1,acupuncture,20min
1791,257,GV22|BL65|CV19,BL8|BL44,acupuncture,20min
1792,97,ST42|GB43|BL34,SP1|LU10,acupuncture,20min
1793,186,GV17|BL9|CV4,LU7|ST5,acupuncture,20min
1794,211,HT8|BL41|SI17,BL18|KI20,acupuncture,20min
1795,311,LI5|TE1|BL40,KI1|GB44,acupuncture,20min
1796,140,LR11|BL4|BL21,LR3|CV24,acupuncture,20min
1797,49,KI16|PC3|PC8,ST45|LI17,acupuncture,20min
1798,370,LI19|GB31|ST40,BL12|GV21,acupuncture,20min
1799,260,LU9|ST41|GB26,ST16|CV16,acupuncture,20min
1800,229,SP2|ST40|GV26,SI8|GB12,acupuncture,20min
1801,73,LR11|BL23|LU1,SP1|KI9,acupuncture,20min
1802,255,LI7|GB21|BL53,GB6|ST5,acupuncture,20min
1803,117,BL10|CV16|BL42,ST39|TE12,acupuncture,20min
1804,82,BL59|GV18|HT2,KI19|BL35,acupuncture,20min
1805,151,SI8|BL52|TE5,LU9|LU5,acupuncture,20min
1806,487,ST14|SP6|GV9,ST18|GB36,acupuncture,20min
1807,282,ST41|GB32|CV23,BL45|ST24,acupuncture,20min
1808,91,ST29|CV15|KI23,ST5|GV13,acupuncture,20min
1809,147,GV15|BL43|BL53,GB39|LU10,acupuncture,20min
1810,238,CV4|KI12|ST28,LI6|ST1,acupuncture,20min
1811,219,LR14|SP13|SI7,LI18|BL11,acupuncture,20min
1812,288,KI18|LI2|LI17,ST13|ST35,acupuncture,20min
1813,16,SI19|GB17|ST43,TE7|ST14,acupuncture,20min
1814,377,ST15|SP14|HT6,ST35|GB40,acupuncture,20min
1815,65,GV13|KI27|ST5,BL55|ST15,acupuncture,20min
1816,6,LI5|GV27|BL11,GB22|BL67,acupuncture,20min
1817,490,GB4|PC1|PC4,BL42|SI9,acupuncture,20min
1818,336,BL8|BL35|KI4,LI13|BL32,acupuncture,20min
1819,437,SP15|ST43|PC7,KI23|SI7,acupuncture,20min
1820,319,GV16|BL29|KI5,LI2|ST24,acupuncture,20min
1821,256,ST15|BL46|SI16,LU4|BL63,acupuncture,20min
1822,133,GV12|HT8|BL34,GB1|SP1,acupuncture,20min
1823,252,SI15|BL55|GB35,KI24|ST12,acupuncture,20min
1824,388,KI18|GB23|SP11,SP8|BL38,acupuncture,20min
1825,488,ST21|CV11|ST34,TE7|CV6,acupuncture,20min
1826,201,SP18|KI10|TE4,LU2|GB10,acupuncture,20min
1827,401,KI23|CV24|KI7,BL55|CV21,acupuncture,20min
1828,490,KI13|SP3|ST36,BL17|ST9,acupuncture,20min
1829,262,GV10|PC8|KI18,GB29|PC8,acupuncture,20min
1830,425,BL14|GV11|BL26,TE15|TE12,acupuncture,20min
1831,328,ST11|CV3|SP6,LR2|LI20,acupuncture,20min
1832,500,SI1|BL61|LU8,LI8|KI20,acupuncture,20min
1833,248,ST25|GB11|BL31,GB6|GB39,acupuncture,20min
1834,443,BL30|ST44|ST34,SI15|BL36,acupuncture,20min
1835,372,BL15|SI2|BL33,LI17|BL33,acupuncture,20min
1836,78,KI23|KI2|GB30,SP3|ST26,acupuncture,20min
1837,310,ST14|BL48|GV18,PC3|BL5,acupuncture,20min
1838,9,BL58|SP8|BL7,GB44|SP13,acupuncture,20min
1839,330,KI13|CV1|CV17,BL17|BL20,acupuncture,20min
1840,253,ST15|ST33|ST21,CV7|GV5,acupuncture,20min
1841,76,HT4|GB29|GB31,ST11|GB21,acupuncture,20min
1842,120,TE10|BL3|LU2,CV6|PC1,acupuncture,20min
1843,404,BL33|SI10|BL48,CV10|LR6,acupuncture,20min
1844,271,BL23|GB6|GB7,SP16|ST3,acupuncture,20min
1845,12,GB14|BL17|LR6,KI23|GB24,acupuncture,20min
1846,419,KI16|BL8|LU10,BL53|ST20,acupuncture,20min
1847,418,ST21|LI12|SP18,ST16|SP7,acupuncture,20min
1848,43,BL65|BL35|HT4,GV28|BL18,acupuncture,20min
1849,27,SP20|BL2|LI5,ST30|KI14,acupuncture,20min
1850,422,BL35|GV4|GB20,KI26|LU3,acupuncture,20min
1851,447,SI17|GB4|ST42,ST21|GV20,acupuncture,20min
1852,84,GB8|KI6|LI17,LI19|HT7,acupuncture,20min
1853,229,ST1|CV21|HT7,ST23|LR10,acupuncture,20min
1854,42,GB31|LR9|GV10,GV1|LI15,acupuncture,20min
1855,153,ST15|BL17|LI6,LU7|SI2,acupuncture,20min
1856,255,TE16|ST29|SI18,ST24|CV17,acupuncture,20min
1857,213,ST20|LR7|TE11,GV25|GB34,acupuncture,20min
1858,390,LI13|ST23|GV14,KI7|SP4,acupuncture,20min
1859,133,BL57|CV14|GV7,LI16|GB9,acupuncture,20min
1860,239,ST20|LR3|GV23,BL21|GV17,acupuncture,20min
1861,62,GB18|BL44|BL62,LU5|GV13,acupuncture,20min
1862,173,ST9|HT9|PC6,BL50|SI9,acupuncture,20min
1863,473,GB21|SP9|ST31,LI1|TE14,acupuncture,20min
1864,268,SP10|GB35|GB20,CV10|PC9,acupuncture,20min
1865,390,LU2|TE14|ST40,TE12|LR12,acupuncture,20min
1866,55,LI18|SI11|TE12,ST27|KI21,acupuncture,20min
1867,57,KI27|LI4|GB32,CV17|GB12,acupuncture,20min
1868,347,GV7|TE13|SP4,ST36|HT7,acupuncture,20min
1869,247,LR11|LR7|GV16,KI5|BL4,acupuncture,20min
1870,174,GB1|ST31|GB24,HT5|TE21,acupuncture,20min
1871,443,SI11|LI10|TE2,KI23|GB36,acupuncture,20min
1872,8,ST24|LU4|SP18,BL22|GB30,acupuncture,20min
1873,444,CV8|GB31|BL63,BL56|TE11,acupuncture,20min
1874,132,GB6|LI6|LU8,SP11|GV25,acupuncture,20min
1875,449,CV6|BL26|HT3,ST39|SI4,acupuncture,20min
1876,300,KI11|SP20|SP8,ST32|KI9,acupuncture,20min
1877,283,LI9|KI5|LR14,CV6|KI4,acupuncture,20min
1878,242,BL56|TE6|BL8,KI12|CV5,acupuncture,20min
1879,34,LU11|KI8|PC8,CV13|BL58,acupuncture,20min
1880,296,PC5|GV9|CV17,ST30|BL1,acupuncture,20min
1881,29,BL62|CV20|ST42,ST15|BL40,acupuncture,20min
1882,38,ST29|KI17|BL28,ST44|KI7,acupuncture,20min
1883,187,LU3|TE18|LU5,SI6|HT5,acupuncture,20min
1884,145,LI13|GV24|GB17,BL8|SP5,acupuncture,20min
1885,276,SI3|CV23|CV19,ST27|GV9,acupuncture,20min
1886,438,SI8|LR1|ST40,BL23|GB27,acupuncture,20min
1887,6,BL25|GB7|ST3,SI7|LI2,acupuncture,20min
1888,417,BL30|ST24|KI26,LR13|ST8,acupuncture,20min
1889,52,LU8|BL37|SI12,LI13|ST45,acupuncture,20min
1890,391,BL64|ST6|KI2,TE16|BL62,acupuncture,20min
1891,366,GB31|KI7|CV21,BL24|KI15,acupuncture,20min
1892,120,BL1|SI13|CV5,GV6|BL44,acupuncture,20min
1893,167,BL34|GB31|ST16,ST17|LU2,acupuncture,20min
1894,133,LU9|ST30|BL17,GB5|KI24,acupuncture,20min
1895,439,SP4|GB1|GB8,LR5|KI26,acupuncture,20min
1896,173,ST32|BL39|TE14,BL2|GB32,acupuncture,20min
1897,464,BL40|ST26|ST40,GB29|ST9,acupuncture,20min
1898,120,TE2|GB2|BL44,ST20|ST38,acupuncture,20min
1899,51,LR9|BL66|GB38,GB4|GB9,acupuncture,20min
1900,438,BL50|BL61|BL8,SP4|KI1,acupuncture,20min
1901,83,GV19|LI13|CV7,LR12|TE9,acupuncture,20min
1902,403,SI11|KI5|LU10,SP3|BL27,acupuncture,20min
1903,396,BL25|PC4|BL65,BL19|KI25,acupuncture,20min
1904,34,TE9|TE12|ST42,LI8|BL59,acupuncture,20min
1905,32,PC8|ST22|LI3,TE8|HT8,acupuncture,20min
1906,413,GB6|TE10|ST32,BL61|KI5,acupuncture,20min
1907,386,BL10|GV25|TE19,GB22|GV20,acupuncture,20min
1908,51,SI12|TE19|CV4,ST1|SI5,acupuncture,20min
1909,9,TE22|BL38|BL33,SI11|GB21,acupuncture,20min
1910,258,SP20|PC8|BL27,ST7|BL30,acupuncture,20min
1911,26,BL42|TE8|CV7,SP17|KI5,acupuncture,20min
1912,395,SP7|GB38|SP13,BL46|BL8,acupuncture,20min
1913,458,KI10|CV14|GB20,KI15|ST45,acupuncture,20min
1914,24,TE3|SP20|GB34,GB14|BL29,acupuncture,20min
1915,6,TE2|KI22|PC1,BL4|ST39,acupuncture,20min
1916,74,TE1|GV26|KI2,CV13|HT9,acupuncture,20min
1917,373,TE17|ST4|HT9,BL49|SI1,acupuncture,20min
1918,71,GB30|KI14|TE16,KI22|CV18,acupuncture,20min
1919,221,BL59|GV1|ST34,SI6|GB20,acupuncture,20min
1920,459,GB8|TE16|GV2,LI16|KI17,acupuncture,20min
1921,471,CV7|CV19|LI5,BL10|GB14,acupuncture,20min
1922,91,GB17|KI10|LR8,CV11|SI14,acupuncture,20min
1923,133,LI19|CV19|BL47,BL65|SI15,acupuncture,20min
1924,484,LU4|BL53|LI3,CV15|GB18,acupuncture,20min
1925,215,GV1|ST44|TE15,HT6|LR1,acupuncture,20min
1926,488,ST12|BL43|LR11,TE3|PC1,acupuncture,20min
1927,336,BL7|LU5|BL36,HT2|CV13,acupuncture,20min
1928,257,BL40|KI19|TE3,LI19|TE15,acupuncture,20min
1929,131,LR10|TE10|GB5,BL49|BL52,acupuncture,20min
1930,442,SP6|PC5|ST9,LR6|CV24,acupuncture,20min
1931,433,LI4|SI18|GB19,BL8|ST45,acupuncture,20min
1932,234,SP17|TE17|SI2,KI15|ST36,acupuncture,20min
1933,484,HT9|SP17|LI20,SP15|SP14,acupuncture,20min
1934,390,GV21|ST45|TE19,ST22|ST24,acupuncture,20min
1935,219,ST8|TE10|BL65,GV25|TE23,acupuncture,20min
1936,85,GV2|ST31|GB1,ST24|KI25,acupuncture,20min
1937,191,LI19|BL26|SP5,GV7|GB28,acupuncture,20min
1938,296,ST28|BL23|BL13,GB32|KI15,acupuncture,20min
1939,482,GB33|SI14|LI6,BL67|SP14,acupuncture,20min
1940,300,ST23|KI26|LR2,LU5|SI1,acupuncture,20min
1941,493,SP16|SP20|LI5,SP17|KI20,acupuncture,20min
1942,95,GB41|GB31|LU8,ST18|BL12,acupuncture,20min
1943,32,CV11|KI12|BL13,GB3|ST9,acupuncture,20min
1944,238,KI25|GB29|LI2,ST6|TE3,acupuncture,20min
1945,229,LU10|SI5|ST11,KI13|HT3,acupuncture,20min
1946,150,LI10|BL51|CV14,LU6|LI6,acupuncture,20min
1947,428,LR4|HT5|SI1,SP19|KI20,acupuncture,20min
1948,296,TE7|SP18|BL5,BL19|KI1,acupuncture,20min
1949,143,SI9|ST27|PC7,SP6|GB38,acupuncture,20min
1950,277,PC9|PC3|SI18,GB34|LU3,acupuncture,20min
1951,134,SI8|GB38|LI6,KI12|BL42,acupuncture,20min
1952,419,ST1|SP5|BL55,GV7|GV5,acupuncture,20min
1953,113,GB31|BL42|ST25,CV21|GV1,acupuncture,20min
1954,81,GV1|SI10|ST35,TE9|CV22,acupuncture,20min
1955,459,GB2|SP17|GB26,ST14|SP6,acupuncture,20min
1956,334,GB43|ST30|KI7,SI8|BL54,acupuncture,20min
1957,65,LI14|BL28|GB38,PC1|LI20,acupuncture,20min
1958,170,PC2|KI23|TE4,KI11|GV22,acupuncture,20min
1959,156,SP12|TE5|SP10,GB33|GV21,acupuncture,20min
1960,320,BL58|HT9|LR7,TE23|BL11,acupuncture,20min
1961,371,GV12|LR6|BL67,LI1|TE4,acupuncture,20min
1962,418,LU1|GB8|GB29,PC4|BL30,acupuncture,20min
1963,434,LU2|KI23|GB3,BL62|KI20,acupuncture,20min
1964,341,LI1|SP11|LI12,GB29|LU6,acupuncture,20min
1965,85,ST22|GB39|SP12,LR10|LI13,acupuncture,20min
1966,318,SP20|ST9|BL66,BL29|SI16,acupuncture,20min
1967,468,LI6|BL19|BL8,GB27|GB43,acupuncture,20min
1968,179,LI7|LR5|SI10,SP13|SP5,acupuncture,20min
1969,491,HT2|BL2|HT9,SP13|LU4,acupuncture,20min
1970,79,SP10|BL1|BL59,ST4|LI10,acupuncture,20min
1971,59,BL67|GV25|BL45,BL52|LI20,acupuncture,20min
1972,408,GV8|SI10|BL48,BL21|BL44,acupuncture,20min
1973,259,CV13|LI7|SI10,KI16|LR3,acupuncture,20min
1974,320,GB33|GB36|BL21,CV19|SI1,acupuncture,20min
1975,436,HT3|BL1|HT2,SP8|BL26,acupuncture,20min
1976,68,BL2|KI10|SP8,LR9|KI27,acupuncture,20min
1977,383,LU4|GB25|LI3,BL53|GB38,acupuncture,20min
1978,426,GB25|GV22|SI13,ST32|ST34,acupuncture,20min
1979,30,BL13|BL14|ST16,SP7|LR2,acupuncture,20min
1980,465,PC9|BL46|LR12,KI10|BL36,acupuncture,20min
1981,61,GV5|LR13|GV6,ST38|LI18,acupuncture,20min
1982,39,ST43|SI19|GB4,KI14|HT5,acupuncture,20min
1983,143,TE19|TE8|BL34,LR7|BL66,acupuncture,20min
1984,305,SP6|ST3|LU8,KI5|SP18,acupuncture,20min
1985,462,BL13|GV20|ST17,GB39|HT8,acupuncture,20min
1986,68,TE2|BL51|GV10,ST20|LR6,acupuncture,20min
1987,118,SP17|KI11|TE1,ST8|CV23,acupuncture,20min
1988,66,ST21|TE19|BL66,SI13|KI14,acupuncture,20min
1989,342,KI25|BL16|TE15,BL39|SP2,acupuncture,20min
1990,53,GB10|GV14|KI13,BL4|KI5,acupuncture,20min
1991,62,ST42|CV23|LI3,GV9|KI26,acupuncture,20min
1992,304,TE2|SI12|LI3,LU3|GB42,acupuncture,20min
1993,448,SP6|CV1|GB22,BL13|BL37,acupuncture,20min
1994,362,ST40|BL14|ST1,HT1|SP10,acupuncture,20min
1995,441,ST24|ST2|BL57,CV17|SI12,acupuncture,20min
1996,139,BL45|BL57|LU6,BL38|ST18,acupuncture,20min
1997,54,SI2|ST41|ST21,LR3|GV19,acupuncture,20min
1998,436,BL29|SI16|CV5,LI15|GB14,acupuncture,20min
1999,72,PC8|TE21|LR8,TE9|GV18,acupuncture,20min
2000,355,BL9|TE11|GV1,ST34|BL67,acupuncture,20min
